scenario,pairs,paired_throughput_median_pct,paired_throughput_min_pct,paired_throughput_max_pct,base_frame_mean_ms,candidate_frame_mean_ms,base_frame_p99_ms,candidate_frame_p99_ms,base_cpu_submit_mean_ms,candidate_cpu_submit_mean_ms,base_gpu_mean_ms,candidate_gpu_mean_ms,base_terrain_draws,candidate_terrain_draws,base_triangles,candidate_triangles,base_rebuild_mean_ms,candidate_rebuild_mean_ms,base_chunks_rebuilt,candidate_chunks_rebuilt,base_upload_calls,candidate_upload_calls,base_upload_bytes,candidate_upload_bytes
underground,10,4.884077135492115,-62.87937166607871,28.075667567627004,2.164761,2.131439,4.702999999999999,5.9958,1.8966085000000001,1.8680325,1.2124575,1.1980525000000002,42.0,42.0,22890.0,22890.0,0.0054865,0.0060485,0.0,0.0,0.0,0.0,0.0,0.0
surface_still,10,4.359885248386797,-75.47043055921954,124.44910731010452,2.2089860000000003,1.8090359999999999,4.79915,3.98805,1.850715,1.6286915,1.3201245,1.2566755,42.0,42.0,22890.0,22890.0,0.0059215,0.0049689999999999995,0.0,0.0,0.0,0.0,0.0,0.0
overview,10,-2.065758865887185,-32.85343586029491,65.04018554960086,1.9049315,2.1830895,4.526,5.6105,1.72162,1.7429855,1.1753529999999999,1.1956625,48.0,48.0,25464.0,25464.0,0.005834000000000001,0.0062664999999999995,0.0,0.0,0.0,0.0,0.0,0.0
sky,10,-3.7792535263427127,-35.674070551497415,45.679424527053136,1.777752,1.9393829999999999,3.87505,5.0754,1.597642,1.7395049999999999,1.1103945,1.1767884999999998,0.0,0.0,0.0,0.0,0.0046715,0.0055580000000000004,0.0,0.0,0.0,0.0,0.0,0.0
translate,10,-7.167866698726405,-32.24124947789051,14.623489696856517,1.784613,1.8890625,3.8869,4.12265,1.623421,1.7088355000000002,1.18604,1.2996565,41.3,41.228333,23685.33,23682.75,0.0047905,0.0052695,0.0,0.0,0.0,0.0,0.0,0.0
rotate,10,-3.847410107234456,-48.18728298318026,40.23907910933335,2.008394,1.9770925,4.5794,4.3003,1.778399,1.805278,1.205599,1.0554265,42.551667,41.503333,24020.25,23165.943333,0.0057325,0.005589,0.0,0.0,0.0,0.0,0.0,0.0
seam_edits,10,-5.735411838304099,-66.56211732842328,14.773480540369132,3.046373,3.1952245,6.353,5.8458,2.8512065,2.9988725,1.592087,1.918618,42.0,42.0,22896.0,22896.0,1.06663,1.1745985,2.0,2.0,4.0,4.0,167664.0,167664.0
sky_moving,10,2.1583315936231195,-16.05179177386723,38.128342827982586,1.8224010000000002,1.8118975,3.979,3.9956,1.6536885,1.6360255,1.0410165,0.9208825,2.0,0.0,1990.0,0.0,0.0050825,0.005163,0.0,0.0,0.0,0.0,0.0,0.0
wall_moving,10,0.8199776575854689,-18.493405087901436,69.41929538585967,1.9779645,1.8622489999999998,4.348649999999999,4.058450000000001,1.7627365,1.694347,1.2258985,1.1819060000000001,41.728333,26.816667,24850.066667,15183.423333,0.005835,0.005209,0.0,0.0,0.0,0.0,0.0,0.0
