"pair","variant","scenario","fps","frame_mean_ms","frame_median_ms","frame_p95_ms","frame_p99_ms","one_percent_low_fps","cpu_submit_mean_ms","gpu_mean_ms","terrain_draws","triangles","surface_blocks","queries","rebuild_mean_ms","chunks_rebuilt","upload_calls","upload_bytes","gpu_p99_ms"
"1","base","underground","287.069981","3.483471","3.038050","5.759700","7.445900","129.549341","2.089145","1.005535","42.000000","22890.000000","22344.000000","0.000000","0.008720","0.000000","0.000000","0.000000","2.494596"
"1","base","surface_still","185.071195","5.403326","4.928500","8.521700","10.325200","91.474988","2.661914","2.156338","42.000000","22890.000000","22344.000000","0.000000","0.011280","0.000000","0.000000","0.000000","6.492044"
"1","base","overview","176.842806","5.654740","5.064750","9.473600","11.267100","86.193522","2.273366","2.672110","48.000000","25464.000000","25601.000000","0.000000","0.009977","0.000000","0.000000","0.000000","8.142576"
"1","base","sky","269.866965","3.705529","3.269050","6.185300","8.078200","110.035817","2.190218","0.995535","0.000000","0.000000","0.000000","0.000000","0.010100","0.000000","0.000000","0.000000","2.754908"
"1","base","translate","213.397812","4.686084","4.307000","7.258300","8.471900","109.946090","2.654930","1.481501","41.300000","23685.330000","22113.013333","0.000000","0.012044","0.000000","0.000000","0.000000","3.436524"
"1","base","rotate","166.484782","6.006555","5.394700","9.823200","10.762400","85.564426","2.281706","2.914776","42.551667","24020.250000","22866.975000","0.000000","0.009326","0.000000","0.000000","0.000000","7.797452"
"1","base","seam_edits","110.814565","9.024084","8.453400","13.742300","14.853400","65.084322","3.679767","4.388184","42.000000","22896.000000","22345.500000","0.000000","1.372463","2.000000","4.000000","167664.000000","10.615072"
"1","candidate","underground","266.310533","3.755015","3.412350","5.985800","7.032300","130.890338","2.234810","1.097182","25.000000","16256.000000","13480.000000","0.000000","0.010869","0.000000","0.000000","0.000000","2.723500"
"1","candidate","surface_still","150.165941","6.659300","6.124750","10.801900","12.565200","75.068312","2.590571","3.151420","11.000000","8466.000000","6263.000000","0.000000","0.012241","0.000000","0.000000","0.000000","8.608808"
"1","candidate","overview","130.818005","7.644208","7.198900","11.817400","14.842500","64.330125","2.524914","4.060089","45.000000","22684.000000","23836.000000","0.000000","0.010996","0.000000","0.000000","0.000000","11.058424"
"1","candidate","sky","219.189676","4.562259","4.237500","6.965900","8.762300","96.223547","3.183827","0.824933","0.000000","0.000000","0.000000","0.000000","0.016222","0.000000","0.000000","0.000000","2.991872"
"1","candidate","translate","147.919855","6.760418","6.386900","10.947200","14.970700","59.841182","3.701607","2.410608","41.300000","23685.330000","22113.013333","41.300000","0.016852","0.000000","0.000000","0.000000","8.659924"
"1","candidate","rotate","128.179235","7.801576","7.272900","12.289400","16.453000","45.408312","4.229484","2.721651","42.551667","24020.250000","22866.975000","42.551667","0.025908","0.000000","0.000000","0.000000","8.037484"
"1","candidate","seam_edits","82.073581","12.184189","11.605650","18.130300","20.906800","42.445813","4.955889","6.383725","42.000000","22896.000000","22345.500000","42.000000","1.788969","2.000000","4.000000","167664.000000","15.224976"
"2","candidate","underground","121.150012","8.254229","7.294400","14.492400","16.270900","55.579949","2.887257","4.370780","25.000000","16256.000000","13480.000000","0.000000","0.013353","0.000000","0.000000","0.000000","12.492584"
"2","candidate","surface_still","131.535148","7.602531","6.657200","12.441100","13.750900","68.866492","2.606791","4.134764","11.000000","8466.000000","6263.000000","0.000000","0.011427","0.000000","0.000000","0.000000","10.252060"
"2","candidate","overview","129.665231","7.712168","6.750400","12.479500","14.231400","67.853500","2.563160","4.267676","45.000000","22684.000000","23836.000000","0.000000","0.010759","0.000000","0.000000","0.000000","10.146032"
"2","candidate","sky","166.754041","5.996856","5.251100","10.639900","11.763200","74.049208","2.356401","2.835117","0.000000","0.000000","0.000000","0.000000","0.010511","0.000000","0.000000","0.000000","8.198892"
"2","candidate","translate","107.481660","9.303913","9.006650","13.284700","15.110900","63.227711","2.924624","5.663189","41.300000","23685.330000","22113.013333","41.300000","0.012637","0.000000","0.000000","0.000000","11.501308"
"2","candidate","rotate","89.907510","11.122541","10.411000","17.957400","23.910600","35.165763","3.370536","6.387577","42.551667","24020.250000","22866.975000","42.551667","0.016247","0.000000","0.000000","0.000000","17.028908"
"2","candidate","seam_edits","132.016669","7.574801","7.056650","12.720100","14.209700","60.449807","4.448911","2.412444","42.000000","22896.000000","22345.500000","42.000000","1.548890","2.000000","4.000000","167664.000000","8.462792"
"2","base","underground","145.737555","6.861649","6.174650","12.224900","15.367100","50.667588","3.185473","2.756383","42.000000","22890.000000","22344.000000","0.000000","0.010604","0.000000","0.000000","0.000000","10.104224"
"2","base","surface_still","156.405244","6.393647","5.089550","13.645200","18.344600","43.387273","2.853961","2.314130","42.000000","22890.000000","22344.000000","0.000000","0.011938","0.000000","0.000000","0.000000","12.358060"
"2","base","overview","229.860433","4.350466","3.507550","8.735600","10.889500","76.665461","2.157946","1.446490","48.000000","25464.000000","25601.000000","0.000000","0.009276","0.000000","0.000000","0.000000","7.644936"
"2","base","sky","256.139394","3.904124","3.050950","8.520200","10.720900","81.563075","1.989658","1.149008","0.000000","0.000000","0.000000","0.000000","0.007881","0.000000","0.000000","0.000000","7.262840"
"2","base","translate","206.049228","4.853209","3.917250","9.808900","12.299900","72.845945","2.379522","1.634676","41.300000","23685.330000","22113.013333","0.000000","0.009509","0.000000","0.000000","0.000000","8.156980"
"2","base","rotate","207.738307","4.813749","3.882850","9.633400","12.030900","76.180319","2.404744","1.644495","42.551667","24020.250000","22866.975000","0.000000","0.009663","0.000000","0.000000","0.000000","8.624512"
"2","base","seam_edits","123.382228","8.104895","7.557400","13.543700","16.763600","52.171872","4.399058","2.807802","42.000000","22896.000000","22345.500000","0.000000","1.596539","2.000000","4.000000","167664.000000","9.587448"
"3","base","underground","93.051272","10.746763","8.648750","24.992800","35.679800","25.164492","5.188154","3.650655","42.000000","22890.000000","22344.000000","0.000000","0.035514","0.000000","0.000000","0.000000","17.063488"
"3","base","surface_still","71.552135","13.975823","12.863250","26.311900","35.992000","21.354502","6.464581","4.604078","42.000000","22890.000000","22344.000000","0.000000","0.037171","0.000000","0.000000","0.000000","14.750580"
"3","base","overview","161.409796","6.195411","5.283450","11.614500","13.899800","65.118864","3.048024","2.363937","48.000000","25464.000000","25601.000000","0.000000","0.012136","0.000000","0.000000","0.000000","9.942608"
"3","base","sky","122.605750","8.156224","6.542100","15.625800","22.193300","36.882132","2.973260","3.696527","0.000000","0.000000","0.000000","0.000000","0.011429","0.000000","0.000000","0.000000","14.321840"
"3","base","translate","177.390808","5.637271","5.056700","9.771800","12.181900","68.726239","2.632662","2.456518","41.300000","23685.330000","22113.013333","0.000000","0.011773","0.000000","0.000000","0.000000","8.153652"
"3","base","rotate","188.027823","5.318362","4.331800","12.115900","15.599800","50.583608","2.536698","2.145850","42.551667","24020.250000","22866.975000","0.000000","0.010168","0.000000","0.000000","0.000000","10.502128"
"3","base","seam_edits","146.305151","6.835029","6.497300","10.692400","11.903900","77.384307","4.435208","1.895171","42.000000","22896.000000","22345.500000","0.000000","1.666175","2.000000","4.000000","167664.000000","4.984304"
"3","candidate","underground","202.535583","4.937404","4.397500","9.093400","11.850700","76.678982","2.647295","1.788373","25.000000","16256.000000","13480.000000","0.000000","0.010963","0.000000","0.000000","0.000000","6.768268"
"3","candidate","surface_still","255.324647","3.916582","3.698700","5.788100","6.995400","128.694056","2.189315","1.340455","11.000000","8466.000000","6263.000000","0.000000","0.008703","0.000000","0.000000","0.000000","3.650140"
"3","candidate","overview","191.391290","5.224898","4.742300","9.753400","11.795500","75.497339","2.526501","2.161124","45.000000","22684.000000","23836.000000","0.000000","0.010962","0.000000","0.000000","0.000000","8.548436"
"3","candidate","sky","229.351345","4.360123","4.065150","7.210600","9.949800","92.176660","2.497066","1.342701","0.000000","0.000000","0.000000","0.000000","0.011284","0.000000","0.000000","0.000000","6.135324"
"3","candidate","translate","210.316110","4.754748","4.420600","7.099700","9.349500","91.764587","2.809282","1.493926","41.300000","23685.330000","22113.013333","41.300000","0.012802","0.000000","0.000000","0.000000","3.733652"
"3","candidate","rotate","113.809330","8.786626","8.055150","13.889500","21.243500","33.122198","3.192677","4.795047","42.551667","24020.250000","22866.975000","42.551667","0.010416","0.000000","0.000000","0.000000","14.402336"
"3","candidate","seam_edits","108.045144","9.255390","8.491750","15.950200","19.887000","45.515647","5.617104","2.975850","42.000000","22896.000000","22345.500000","42.000000","1.972956","2.000000","4.000000","167664.000000","10.266984"
"4","candidate","underground","173.450484","5.765334","5.095150","10.834100","13.713600","62.705753","2.671425","2.462193","25.000000","16256.000000","13480.000000","0.000000","0.011132","0.000000","0.000000","0.000000","9.094644"
"4","candidate","surface_still","176.806156","5.655912","4.821250","10.844300","13.482100","65.701871","2.606355","2.411603","11.000000","8466.000000","6263.000000","0.000000","0.009316","0.000000","0.000000","0.000000","8.995324"
"4","candidate","overview","256.606945","3.897011","3.529850","6.405700","7.922500","110.032386","2.162197","1.310420","45.000000","22684.000000","23836.000000","0.000000","0.009186","0.000000","0.000000","0.000000","3.785392"
"4","candidate","sky","302.341209","3.307521","3.027000","5.425200","6.913500","136.212564","1.842396","1.078113","0.000000","0.000000","0.000000","0.000000","0.007455","0.000000","0.000000","0.000000","3.991676"
"4","candidate","translate","226.182681","4.421205","4.051800","6.989300","8.610600","112.321269","2.390737","1.644336","41.300000","23685.330000","22113.013333","41.300000","0.010796","0.000000","0.000000","0.000000","4.756492"
"4","candidate","rotate","220.842155","4.528121","4.237650","7.434300","9.203900","101.292834","2.215121","1.906577","42.551667","24020.250000","22866.975000","42.551667","0.009325","0.000000","0.000000","0.000000","5.452460"
"4","candidate","seam_edits","131.524226","7.603162","6.760100","13.642800","19.066200","44.209088","4.081851","2.935181","42.000000","22896.000000","22345.500000","42.000000","1.452617","2.000000","4.000000","167664.000000","12.963704"
"4","base","underground","243.935866","4.099438","3.607800","7.172600","10.305300","86.625837","1.906374","1.770260","42.000000","22890.000000","22344.000000","0.000000","0.006789","0.000000","0.000000","0.000000","6.019364"
"4","base","surface_still","212.142597","4.713811","4.052300","9.344400","12.844900","68.970987","2.363831","1.794713","42.000000","22890.000000","22344.000000","0.000000","0.009380","0.000000","0.000000","0.000000","7.751536"
"4","base","overview","192.526018","5.194103","4.435900","9.909800","12.550100","70.492531","2.355125","2.241667","48.000000","25464.000000","25601.000000","0.000000","0.008442","0.000000","0.000000","0.000000","8.268520"
"4","base","sky","294.642949","3.393938","2.981350","6.011900","7.477100","109.962008","1.980556","1.007867","0.000000","0.000000","0.000000","0.000000","0.007894","0.000000","0.000000","0.000000","4.605744"
"4","base","translate","253.831502","3.939621","3.227850","8.104900","10.962300","73.649453","1.989111","1.466729","41.300000","23685.330000","22113.013333","0.000000","0.008053","0.000000","0.000000","0.000000","7.063524"
"4","base","rotate","189.955586","5.264388","4.644900","10.368100","12.770700","72.009707","1.964458","2.657323","42.551667","24020.250000","22866.975000","0.000000","0.007977","0.000000","0.000000","0.000000","10.647988"
"4","base","seam_edits","189.474669","5.277750","5.007150","7.921000","9.575400","99.197492","2.828582","1.966741","42.000000","22896.000000","22345.500000","0.000000","1.100708","2.000000","4.000000","167664.000000","6.218576"
"5","base","underground","325.712935","3.070188","2.761600","4.780700","5.936100","130.615088","1.692476","1.014961","42.000000","22890.000000","22344.000000","0.000000","0.005488","0.000000","0.000000","0.000000","3.292328"
"5","base","surface_still","230.479146","4.338787","3.841600","7.766300","11.292100","68.759161","1.833557","1.959116","42.000000","22890.000000","22344.000000","0.000000","0.006719","0.000000","0.000000","0.000000","7.399132"
"5","base","overview","221.514034","4.514387","3.876800","7.887900","9.122700","98.052033","1.931207","1.893903","48.000000","25464.000000","25601.000000","0.000000","0.007733","0.000000","0.000000","0.000000","5.881876"
"5","base","sky","268.340863","3.726604","3.340750","6.027200","7.404100","126.608188","2.525568","0.783354","0.000000","0.000000","0.000000","0.000000","0.011787","0.000000","0.000000","0.000000","2.616952"
"5","base","translate","265.953816","3.760051","3.440750","6.430400","8.120200","114.087528","2.010464","1.283948","41.300000","23685.330000","22113.013333","0.000000","0.008495","0.000000","0.000000","0.000000","4.758156"
"5","base","rotate","199.272661","5.018250","4.642850","7.897600","11.160200","81.875159","2.952994","1.546261","42.551667","24020.250000","22866.975000","0.000000","0.017232","0.000000","0.000000","0.000000","5.836012"
"5","base","seam_edits","144.878474","6.902337","6.512400","10.826000","12.710600","74.328995","3.345998","3.020810","42.000000","22896.000000","22345.500000","0.000000","1.280906","2.000000","4.000000","167664.000000","8.797984"
"5","candidate","underground","273.216815","3.660097","3.384800","5.820100","6.850200","132.297298","1.997674","1.256092","25.000000","16256.000000","13480.000000","0.000000","0.008259","0.000000","0.000000","0.000000","3.572244"
"5","candidate","surface_still","193.986553","5.154997","4.770000","8.643200","12.427200","74.571864","1.984018","2.678252","11.000000","8466.000000","6263.000000","0.000000","0.008068","0.000000","0.000000","0.000000","7.835256"
"5","candidate","overview","213.932039","4.674382","4.200600","8.451400","10.612400","86.958286","2.502233","1.578956","45.000000","22684.000000","23836.000000","0.000000","0.011873","0.000000","0.000000","0.000000","6.348160"
"5","candidate","sky","293.121036","3.411560","3.066700","5.905900","8.187800","100.895277","1.842959","1.174402","0.000000","0.000000","0.000000","0.000000","0.007115","0.000000","0.000000","0.000000","4.868500"
"5","candidate","translate","152.744887","6.546864","6.231150","11.291300","13.749700","64.202778","2.244601","3.734658","41.300000","23685.330000","22113.013333","41.300000","0.009278","0.000000","0.000000","0.000000","9.893208"
"5","candidate","rotate","143.553995","6.966020","6.152150","11.898200","16.419900","50.587106","3.065204","2.994426","42.551667","24020.250000","22866.975000","42.551667","0.011364","0.000000","0.000000","0.000000","9.376016"
"5","candidate","seam_edits","144.810453","6.905579","6.473000","9.967600","11.262100","86.677020","2.966349","3.403615","42.000000","22896.000000","22345.500000","42.000000","1.062423","2.000000","4.000000","167664.000000","7.319104"
