"scenario","pair","variant","frame","frame_ms","hud_cpu_ms","hud_upload_calls","shadow_draws"
"day_toggle","1","before","30","2.162500","0.462300","0","0"
"day_toggle","1","before","90","2.602100","1.090400","0","0"
"day_toggle","1","before","150","2.070100","0.581900","0","0"
"day_toggle","1","before","210","2.602000","1.136800","0","0"
"day_toggle","1","before","270","2.271500","0.656900","0","0"
"day_toggle","1","before","330","2.250900","0.562800","0","0"
"day_toggle","1","before","390","1.998400","0.556500","0","0"
"day_toggle","1","before","450","2.076900","0.548300","0","0"
"day_toggle","1","before","510","2.515500","0.821600","0","0"
"day_toggle","1","before","570","2.763300","0.711200","0","0"
"day_toggle","1","after","30","2.173300","0.523500","20","0"
"day_toggle","1","after","90","2.479600","0.296200","0","0"
"day_toggle","1","after","150","1.905900","0.144900","0","0"
"day_toggle","1","after","210","2.526500","0.248400","0","0"
"day_toggle","1","after","270","2.867200","0.216500","0","0"
"day_toggle","1","after","330","2.964300","0.252100","0","0"
"day_toggle","1","after","390","2.868000","0.259800","0","0"
"day_toggle","1","after","450","3.756100","0.264400","0","0"
"day_toggle","1","after","510","3.552100","0.286100","0","0"
"day_toggle","1","after","570","2.983100","0.303700","0","0"
"day_toggle","2","after","30","2.587900","0.480500","20","0"
"day_toggle","2","after","90","3.403900","0.157800","0","0"
"day_toggle","2","after","150","3.319600","0.258800","0","0"
"day_toggle","2","after","210","3.339400","0.222300","0","0"
"day_toggle","2","after","270","3.668400","0.244100","0","0"
"day_toggle","2","after","330","3.614400","0.332300","0","0"
"day_toggle","2","after","390","3.097600","0.212700","0","0"
"day_toggle","2","after","450","5.588500","0.432500","0","0"
"day_toggle","2","after","510","4.065100","0.265400","0","0"
"day_toggle","2","after","570","4.096000","0.312200","0","0"
"day_toggle","2","before","30","5.110300","0.802300","0","0"
"day_toggle","2","before","90","3.254400","1.131300","0","0"
"day_toggle","2","before","150","2.854900","1.102100","0","0"
"day_toggle","2","before","210","3.244800","1.430400","0","0"
"day_toggle","2","before","270","2.002100","0.561900","0","0"
"day_toggle","2","before","330","2.360600","0.627500","0","0"
"day_toggle","2","before","390","2.459100","0.635300","0","0"
"day_toggle","2","before","450","2.496700","0.641800","0","0"
"day_toggle","2","before","510","3.242300","0.976900","0","0"
"day_toggle","2","before","570","3.008300","1.122600","0","0"
"day_toggle","3","before","30","9.028700","1.006600","0","0"
"day_toggle","3","before","90","4.744600","0.568200","0","0"
"day_toggle","3","before","150","4.730800","0.626900","0","0"
"day_toggle","3","before","210","9.630300","0.529200","0","0"
"day_toggle","3","before","270","4.653900","0.548900","0","0"
"day_toggle","3","before","330","5.018300","0.728700","0","0"
"day_toggle","3","before","390","11.148500","1.437400","0","0"
"day_toggle","3","before","450","5.369100","0.752700","0","0"
"day_toggle","3","before","510","8.071400","0.456800","0","0"
"day_toggle","3","before","570","7.830100","2.710800","0","0"
"day_toggle","3","after","30","5.051900","0.504300","20","0"
"day_toggle","3","after","90","5.248900","0.132000","0","0"
"day_toggle","3","after","150","2.890100","0.080200","0","0"
"day_toggle","3","after","210","3.318500","0.106400","0","0"
"day_toggle","3","after","270","4.085600","0.291700","0","0"
"day_toggle","3","after","330","5.483700","0.437300","0","0"
"day_toggle","3","after","390","1.848500","0.225100","0","0"
"day_toggle","3","after","450","2.270400","0.145600","0","0"
"day_toggle","3","after","510","2.568700","0.232000","0","0"
"day_toggle","3","after","570","4.682000","0.316900","0","0"
"night_toggle","1","before","30","3.689300","0.620000","0","0"
"night_toggle","1","before","90","3.781200","0.514500","0","0"
"night_toggle","1","before","150","3.590200","1.407700","0","0"
"night_toggle","1","before","210","2.287000","0.537300","0","0"
"night_toggle","1","before","270","4.271000","1.098400","0","0"
"night_toggle","1","before","330","3.569800","0.900800","0","0"
"night_toggle","1","before","390","6.138300","1.084400","0","0"
"night_toggle","1","before","450","5.565000","1.962200","0","0"
"night_toggle","1","before","510","2.277100","0.733400","0","0"
"night_toggle","1","before","570","2.483800","0.681800","0","0"
"night_toggle","1","after","30","3.286100","0.549000","20","0"
"night_toggle","1","after","90","2.831500","0.087700","0","0"
"night_toggle","1","after","150","3.089300","0.099200","0","0"
"night_toggle","1","after","210","3.034800","0.106200","0","0"
"night_toggle","1","after","270","3.299500","0.080900","0","0"
"night_toggle","1","after","330","3.064500","0.130100","0","0"
"night_toggle","1","after","390","5.237000","0.550000","0","0"
"night_toggle","1","after","450","3.025100","0.242000","0","0"
"night_toggle","1","after","510","5.160400","0.564900","0","0"
"night_toggle","1","after","570","3.571100","0.168800","0","0"
"night_toggle","2","after","30","9.178700","1.522800","20","0"
"night_toggle","2","after","90","6.393400","0.163400","0","0"
"night_toggle","2","after","150","7.756300","0.189600","0","0"
"night_toggle","2","after","210","4.353700","0.199300","0","0"
"night_toggle","2","after","270","4.304400","0.205300","0","0"
"night_toggle","2","after","330","5.237600","0.317800","0","0"
"night_toggle","2","after","390","4.892600","0.157900","0","0"
"night_toggle","2","after","450","4.316200","0.296900","0","0"
"night_toggle","2","after","510","5.860100","0.209700","0","0"
"night_toggle","2","after","570","6.351300","0.354500","0","0"
"night_toggle","2","before","30","4.503900","0.788100","0","0"
"night_toggle","2","before","90","7.784500","0.934900","0","0"
"night_toggle","2","before","150","4.663500","0.514900","0","0"
"night_toggle","2","before","210","4.801600","0.707900","0","0"
"night_toggle","2","before","270","4.658700","0.564200","0","0"
"night_toggle","2","before","330","4.852700","0.616000","0","0"
"night_toggle","2","before","390","6.457400","1.286400","0","0"
"night_toggle","2","before","450","5.108000","0.803600","0","0"
"night_toggle","2","before","510","12.215100","1.380400","0","0"
"night_toggle","2","before","570","5.447300","0.903700","0","0"
"night_toggle","3","before","30","5.476400","1.008900","0","0"
"night_toggle","3","before","90","4.726200","1.185700","0","0"
"night_toggle","3","before","150","7.641600","0.572000","0","0"
"night_toggle","3","before","210","7.480700","2.568100","0","0"
"night_toggle","3","before","270","4.742300","0.504100","0","0"
"night_toggle","3","before","330","4.748800","0.540300","0","0"
"night_toggle","3","before","390","7.571600","1.672100","0","0"
"night_toggle","3","before","450","5.473100","0.986200","0","0"
"night_toggle","3","before","510","6.003200","1.134200","0","0"
"night_toggle","3","before","570","4.889200","0.680300","0","0"
"night_toggle","3","after","30","4.231400","0.429600","20","0"
"night_toggle","3","after","90","3.868100","0.104200","0","0"
"night_toggle","3","after","150","8.642200","0.148800","0","0"
"night_toggle","3","after","210","4.566500","0.129200","0","0"
"night_toggle","3","after","270","6.425400","0.333400","0","0"
"night_toggle","3","after","330","1.827800","0.195900","0","0"
"night_toggle","3","after","390","3.646900","0.249600","0","0"
"night_toggle","3","after","450","2.914200","0.470100","0","0"
"night_toggle","3","after","510","3.188100","0.277000","0","0"
"night_toggle","3","after","570","2.298300","0.286800","0","0"
"night_toggle_f3","1","before","30","2.368400","0.844500","0","0"
"night_toggle_f3","1","before","90","2.854000","0.946100","0","0"
"night_toggle_f3","1","before","150","2.930900","1.109700","0","0"
"night_toggle_f3","1","before","210","2.680900","0.984700","0","0"
"night_toggle_f3","1","before","270","4.496400","1.787500","0","0"
"night_toggle_f3","1","before","330","4.675100","1.394200","0","0"
"night_toggle_f3","1","before","390","6.086500","1.949200","0","0"
"night_toggle_f3","1","before","450","4.894600","1.695400","0","0"
"night_toggle_f3","1","before","510","7.805000","0.952000","0","0"
"night_toggle_f3","1","before","570","6.894400","1.300500","0","0"
"night_toggle_f3","1","after","30","2.714700","0.886200","21","0"
"night_toggle_f3","1","after","90","2.498300","0.640700","21","0"
"night_toggle_f3","1","after","150","3.872300","1.245900","22","0"
"night_toggle_f3","1","after","210","2.537100","0.732700","21","0"
"night_toggle_f3","1","after","270","3.660100","0.986000","21","0"
"night_toggle_f3","1","after","330","3.126800","1.415200","21","0"
"night_toggle_f3","1","after","390","3.530500","1.534100","21","0"
"night_toggle_f3","1","after","450","3.745600","1.781100","21","0"
"night_toggle_f3","1","after","510","3.446600","1.089000","21","0"
"night_toggle_f3","1","after","570","3.437700","1.022700","21","0"
"night_toggle_f3","2","after","30","3.888800","1.681700","21","0"
"night_toggle_f3","2","after","90","3.746200","1.128200","21","0"
"night_toggle_f3","2","after","150","6.916700","2.850900","21","0"
"night_toggle_f3","2","after","210","6.363700","1.617900","21","0"
"night_toggle_f3","2","after","270","6.207600","1.243800","21","0"
"night_toggle_f3","2","after","330","10.887300","3.644700","21","0"
"night_toggle_f3","2","after","390","13.060600","4.864900","21","0"
"night_toggle_f3","2","after","450","8.113900","2.068800","21","0"
"night_toggle_f3","2","after","510","8.344500","0.891800","21","0"
"night_toggle_f3","2","after","570","7.084300","1.767500","21","0"
"night_toggle_f3","2","before","30","7.773800","3.650000","0","0"
"night_toggle_f3","2","before","90","2.794000","1.142900","0","0"
"night_toggle_f3","2","before","150","3.858800","1.035500","0","0"
"night_toggle_f3","2","before","210","7.957200","3.228600","0","0"
"night_toggle_f3","2","before","270","4.916200","0.921000","0","0"
"night_toggle_f3","2","before","330","7.616100","4.034300","0","0"
"night_toggle_f3","2","before","390","6.467500","3.415200","0","0"
"night_toggle_f3","2","before","450","9.042400","2.487200","0","0"
"night_toggle_f3","2","before","510","4.316000","1.480500","0","0"
"night_toggle_f3","2","before","570","4.371400","1.801700","0","0"
"night_toggle_f3","3","before","30","4.415300","2.116700","0","0"
"night_toggle_f3","3","before","90","4.041800","1.150400","0","0"
"night_toggle_f3","3","before","150","4.526000","1.597400","0","0"
"night_toggle_f3","3","before","210","6.895900","2.528700","0","0"
"night_toggle_f3","3","before","270","6.052400","1.327200","0","0"
"night_toggle_f3","3","before","330","7.864600","2.861200","0","0"
"night_toggle_f3","3","before","390","7.594500","2.718900","0","0"
"night_toggle_f3","3","before","450","8.356200","1.152300","0","0"
"night_toggle_f3","3","before","510","3.875900","1.295600","0","0"
"night_toggle_f3","3","before","570","4.365100","1.544000","0","0"
"night_toggle_f3","3","after","30","5.716000","2.191300","21","0"
"night_toggle_f3","3","after","90","3.324800","1.433900","21","0"
"night_toggle_f3","3","after","150","4.654800","1.651600","21","0"
"night_toggle_f3","3","after","210","3.187300","0.795900","21","0"
"night_toggle_f3","3","after","270","3.918300","0.796500","21","0"
"night_toggle_f3","3","after","330","5.576600","1.635500","21","0"
"night_toggle_f3","3","after","390","3.361100","0.998300","21","0"
"night_toggle_f3","3","after","450","4.196500","1.856800","21","0"
"night_toggle_f3","3","after","510","2.875900","0.769100","21","0"
"night_toggle_f3","3","after","570","3.012600","1.068100","21","0"
