suite,trial,variant,generation_ms,mesh_upload_ms,geometry_upload_bytes,query_objects,cpu_block_bytes
accepted-chat-history,pair-1-base,base,27.018300,59.202600,13353624,0,4194304
accepted-chat-history,pair-1-candidate,candidate,29.324500,61.716600,13353624,0,4194304
accepted-chat-history,pair-2-base,base,25.040400,56.748400,13353624,0,4194304
accepted-chat-history,pair-2-candidate,candidate,31.881400,61.317100,13353624,0,4194304
accepted-chat-history,pair-3-base,base,29.815600,65.646000,13353624,0,4194304
accepted-chat-history,pair-3-candidate,candidate,29.176500,62.139200,13353624,0,4194304
accepted-chat-narrow,pair-1-base,base,30.839000,56.597200,13353624,0,4194304
accepted-chat-narrow,pair-1-candidate,candidate,30.997800,62.035300,13353624,0,4194304
accepted-chat-narrow,pair-2-base,base,30.227300,54.241100,13353624,0,4194304
accepted-chat-narrow,pair-2-candidate,candidate,32.097500,59.419200,13353624,0,4194304
accepted-chat-narrow,pair-3-base,base,26.975100,56.406500,13353624,0,4194304
accepted-chat-narrow,pair-3-candidate,candidate,26.603500,62.681700,13353624,0,4194304
accepted-chat-open,pair-1-base,base,31.688500,54.621700,13353624,0,4194304
accepted-chat-open,pair-1-candidate,candidate,28.725100,60.432000,13353624,0,4194304
accepted-chat-open,pair-2-base,base,29.152700,64.790900,13353624,0,4194304
accepted-chat-open,pair-2-candidate,candidate,28.279900,60.764000,13353624,0,4194304
accepted-chat-open,pair-3-base,base,31.996700,60.335900,13353624,0,4194304
accepted-chat-open,pair-3-candidate,candidate,29.218600,65.315800,13353624,0,4194304
accepted-dawn1080,pair-1-base,base,29.478300,61.499900,13353624,0,4194304
accepted-dawn1080,pair-1-candidate,candidate,30.953000,63.498500,13353624,0,4194304
accepted-dawn1080,pair-2-base,base,26.460800,65.261900,13353624,0,4194304
accepted-dawn1080,pair-2-candidate,candidate,29.084800,66.838400,13353624,0,4194304
accepted-dawn1080,pair-3-base,base,29.196200,57.010000,13353624,0,4194304
accepted-dawn1080,pair-3-candidate,candidate,28.948300,65.572400,13353624,0,4194304
accepted-day1080,pair-1-base,base,28.262800,59.535400,13353624,0,4194304
accepted-day1080,pair-1-candidate,candidate,30.325200,60.832200,13353624,0,4194304
accepted-day1080,pair-2-base,base,27.966800,63.707000,13353624,0,4194304
accepted-day1080,pair-2-candidate,candidate,31.344900,57.735700,13353624,0,4194304
accepted-day1080,pair-3-base,base,29.510400,54.857300,13353624,0,4194304
accepted-day1080,pair-3-candidate,candidate,31.813100,63.518400,13353624,0,4194304
accepted-day1080-cloud-layer-repeat,pair-1-base,base,28.400300,58.298600,13353624,0,4194304
accepted-day1080-cloud-layer-repeat,pair-1-candidate,candidate,28.566000,59.204300,13353624,0,4194304
accepted-day1080-cloud-layer-repeat,pair-2-base,base,25.720500,55.764300,13353624,0,4194304
accepted-day1080-cloud-layer-repeat,pair-2-candidate,candidate,27.638900,59.266400,13353624,0,4194304
accepted-day1080-cloud-layer-repeat,pair-3-base,base,32.139200,75.369100,13353624,0,4194304
accepted-day1080-cloud-layer-repeat,pair-3-candidate,candidate,32.390400,58.029700,13353624,0,4194304
accepted-day1080-cloud-layer-repeat,pair-4-base,base,29.487300,57.949700,13353624,0,4194304
accepted-day1080-cloud-layer-repeat,pair-4-candidate,candidate,28.632700,61.835300,13353624,0,4194304
accepted-day1080-cloud-layer-repeat,pair-5-base,base,27.696300,59.754000,13353624,0,4194304
accepted-day1080-cloud-layer-repeat,pair-5-candidate,candidate,29.585800,71.412000,13353624,0,4194304
accepted-day720,pair-1-base,base,27.910600,54.589200,13353624,0,4194304
accepted-day720,pair-1-candidate,candidate,28.691500,67.839500,13353624,0,4194304
accepted-day720,pair-2-base,base,29.973200,63.048500,13353624,0,4194304
accepted-day720,pair-2-candidate,candidate,27.233100,57.835200,13353624,0,4194304
accepted-day720,pair-3-base,base,29.469300,53.986900,13353624,0,4194304
accepted-day720,pair-3-candidate,candidate,32.100200,63.180000,13353624,0,4194304
accepted-debug1080,pair-1-base,base,33.026300,56.997000,13353624,0,4194304
accepted-debug1080,pair-1-candidate,candidate,26.587700,59.221900,13353624,0,4194304
accepted-debug1080,pair-2-base,base,31.513100,60.392000,13353624,0,4194304
accepted-debug1080,pair-2-candidate,candidate,27.565000,60.521100,13353624,0,4194304
accepted-debug1080,pair-3-base,base,30.100500,63.554800,13353624,0,4194304
accepted-debug1080,pair-3-candidate,candidate,31.298200,62.250300,13353624,0,4194304
accepted-dusk1080,pair-1-base,base,28.636400,60.638800,13353624,0,4194304
accepted-dusk1080,pair-1-candidate,candidate,31.566300,64.156200,13353624,0,4194304
accepted-dusk1080,pair-2-base,base,36.512300,59.097000,13353624,0,4194304
accepted-dusk1080,pair-2-candidate,candidate,33.809500,59.827800,13353624,0,4194304
accepted-dusk1080,pair-3-base,base,28.732700,60.165200,13353624,0,4194304
accepted-dusk1080,pair-3-candidate,candidate,31.349400,65.889600,13353624,0,4194304
accepted-night1080,pair-1-base,base,27.210900,60.965300,13353624,0,4194304
accepted-night1080,pair-1-candidate,candidate,30.012500,63.242200,13353624,0,4194304
accepted-night1080,pair-2-base,base,27.697300,70.147400,13353624,0,4194304
accepted-night1080,pair-2-candidate,candidate,30.267800,59.477400,13353624,0,4194304
accepted-night1080,pair-3-base,base,28.751600,64.066000,13353624,0,4194304
accepted-night1080,pair-3-candidate,candidate,30.429100,61.607600,13353624,0,4194304
accepted-night1080-sky-moving-repeat,pair-1-base,base,27.344400,59.663100,13353624,0,4194304
accepted-night1080-sky-moving-repeat,pair-1-candidate,candidate,31.308400,57.443400,13353624,0,4194304
accepted-night1080-sky-moving-repeat,pair-2-base,base,29.866600,56.028200,13353624,0,4194304
accepted-night1080-sky-moving-repeat,pair-2-candidate,candidate,29.906800,62.569800,13353624,0,4194304
accepted-night1080-sky-moving-repeat,pair-3-base,base,28.224000,59.763900,13353624,0,4194304
accepted-night1080-sky-moving-repeat,pair-3-candidate,candidate,28.657600,64.171100,13353624,0,4194304
accepted-night1080-sky-moving-repeat,pair-4-base,base,30.910900,61.161000,13353624,0,4194304
accepted-night1080-sky-moving-repeat,pair-4-candidate,candidate,29.164500,59.392800,13353624,0,4194304
accepted-night1080-sky-moving-repeat,pair-5-base,base,30.925000,61.517200,13353624,0,4194304
accepted-night1080-sky-moving-repeat,pair-5-candidate,candidate,32.091100,65.801700,13353624,0,4194304
accepted-night720,pair-1-base,base,26.549600,55.898400,13353624,0,4194304
accepted-night720,pair-1-candidate,candidate,30.128200,59.589600,13353624,0,4194304
accepted-night720,pair-2-base,base,27.273300,56.335700,13353624,0,4194304
accepted-night720,pair-2-candidate,candidate,31.241900,58.695600,13353624,0,4194304
accepted-night720,pair-3-base,base,31.173400,54.520000,13353624,0,4194304
accepted-night720,pair-3-candidate,candidate,26.840300,58.267800,13353624,0,4194304
accepted-night720-cloud-layer-repeat,pair-1-base,base,34.949000,59.388000,13353624,0,4194304
accepted-night720-cloud-layer-repeat,pair-1-candidate,candidate,33.482600,60.395100,13353624,0,4194304
accepted-night720-cloud-layer-repeat,pair-2-base,base,27.406900,56.616000,13353624,0,4194304
accepted-night720-cloud-layer-repeat,pair-2-candidate,candidate,29.036800,57.805600,13353624,0,4194304
accepted-night720-cloud-layer-repeat,pair-3-base,base,30.064400,59.094700,13353624,0,4194304
accepted-night720-cloud-layer-repeat,pair-3-candidate,candidate,28.698000,61.161300,13353624,0,4194304
accepted-night720-cloud-layer-repeat,pair-4-base,base,29.075500,54.775300,13353624,0,4194304
accepted-night720-cloud-layer-repeat,pair-4-candidate,candidate,31.924600,58.362700,13353624,0,4194304
accepted-night720-cloud-layer-repeat,pair-5-base,base,28.648600,48.652400,13353624,0,4194304
accepted-night720-cloud-layer-repeat,pair-5-candidate,candidate,32.150900,62.924400,13353624,0,4194304
accepted-night720-edits-repeat,pair-1-base,base,30.600300,59.924400,13353624,0,4194304
accepted-night720-edits-repeat,pair-1-candidate,candidate,25.600200,61.578900,13353624,0,4194304
accepted-night720-edits-repeat,pair-2-base,base,26.975600,59.557300,13353624,0,4194304
accepted-night720-edits-repeat,pair-2-candidate,candidate,24.873700,59.582700,13353624,0,4194304
accepted-night720-edits-repeat,pair-3-base,base,28.930000,53.369200,13353624,0,4194304
accepted-night720-edits-repeat,pair-3-candidate,candidate,29.003600,60.255300,13353624,0,4194304
accepted-night720-edits-repeat,pair-4-base,base,28.711000,51.565300,13353624,0,4194304
accepted-night720-edits-repeat,pair-4-candidate,candidate,30.212600,56.304500,13353624,0,4194304
accepted-night720-edits-repeat,pair-5-base,base,29.203000,50.286600,13353624,0,4194304
accepted-night720-edits-repeat,pair-5-candidate,candidate,29.940700,56.340600,13353624,0,4194304
