variant,trial,scenario,frames,frame_mean_ms,frame_median_ms,frame_p95_ms,frame_p99_ms,cpu_submit_ms,gpu_ms,terrain_draws,triangles,surface_blocks,queries,rebuild_ms,chunks_rebuilt,upload_calls,upload_bytes,scanned_per_frame,candidates_per_frame,peak_index_bytes,index_upload_bytes_per_frame,geometry_sha256
before,1,underground,600,0.8345415,0.7982,1.2547,1.495,0.5119256666666666,0.52878618,42.0,22890.0,22344.0,0.0,0.0016805,0.0,0.0,0.0,,,,,af7cb4873dc97285e4fa5b3531e571e105a2c156dfd69f00f7ad4f493df14e47
before,1,surface_still,600,0.6130245,0.37024999999999997,0.655,1.4134,0.11500233333333333,0.60125728,42.0,22890.0,22344.0,0.0,0.0016575,0.0,0.0,0.0,,,,,af7cb4873dc97285e4fa5b3531e571e105a2c156dfd69f00f7ad4f493df14e47
before,1,overview,600,0.5523208333333334,0.31545,0.5897,0.9441,0.08578366666666666,0.5411761333333334,48.0,25464.0,25601.0,0.0,0.0014241666666666667,0.0,0.0,0.0,,,,,4cd141587459233263a200b9e545de04352a09db6f72236e54b5f7fa52dfcfc1
before,1,sky,600,0.3888471666666667,0.2803,0.5349,0.6837,0.060259,0.37918296,0.0,0.0,0.0,0.0,0.0011281666666666666,0.0,0.0,0.0,,,,,c280e56f9e0074bff9061026874c8f7171d798de41078d43a4ef7f9676c227cd
before,1,translate,600,0.5588755,0.3777,0.6659,0.9878,0.14680866666666667,0.5486719333333333,41.22833333333333,23682.75,22078.183333333334,0.0,0.0012193333333333333,0.0,0.0,0.0,,,,,44c31a73f986b475dcf05d93cff3aef40bb71e58bebd9389def1321febed4dc9
before,1,rotate,600,0.5155568333333334,0.39315,0.6396,0.8534,0.16742883333333333,0.5058181266666667,41.50333333333333,23165.943333333333,22304.37,0.0,0.0013196666666666667,0.0,0.0,0.0,,,,,ac928fc549e4be446c66394b692212360e20467d06612fa127432f93f1517b7b
before,1,seam_edits,600,2.6739838333333332,2.17625,2.8754,3.9337,1.6173166666666667,2.65665686,42.0,22896.0,22345.5,0.0,0.5063153333333333,2.0,4.0,167664.0,,,,,f0473b5837e71901fe05e5b81ba919324d9e715901ccfe01c899aba680314da1
before,1,sky_moving,600,0.39475466666666664,0.29255,0.4903,0.8197,0.072549,0.3792462266666667,0.0,0.0,0.0,0.0,0.0009921666666666666,0.0,0.0,0.0,,,,,c280e56f9e0074bff9061026874c8f7171d798de41078d43a4ef7f9676c227cd
before,1,wall_moving,600,0.41684466666666664,0.36924999999999997,0.6351,0.8121,0.15432583333333333,0.3707184,26.816666666666666,15183.423333333334,14600.74,0.0,0.0014425,0.0,0.0,0.0,,,,,209b3f4fa5cd82b27fc6f55dfe0b0feaf8592e67dca71e4b7bee8791df0c84bd
before,1,cloud_layer,600,0.3735535,0.27945,0.4784,0.7473,0.05972566666666667,0.36471708,0.0,0.0,0.0,0.0,0.0010963333333333333,0.0,0.0,0.0,,,,,c280e56f9e0074bff9061026874c8f7171d798de41078d43a4ef7f9676c227cd
before,2,underground,600,0.7877886666666667,0.74595,1.2668,1.4848,0.4737755,0.5034373066666666,42.0,22890.0,22344.0,0.0,0.0017718333333333334,0.0,0.0,0.0,,,,,af7cb4873dc97285e4fa5b3531e571e105a2c156dfd69f00f7ad4f493df14e47
before,2,surface_still,600,0.6051078333333333,0.3692,0.5909,0.8144,0.11169983333333333,0.58446986,42.0,22890.0,22344.0,0.0,0.0014636666666666667,0.0,0.0,0.0,,,,,af7cb4873dc97285e4fa5b3531e571e105a2c156dfd69f00f7ad4f493df14e47
before,2,overview,600,0.5641151666666667,0.3421,0.6863,1.0468,0.09703766666666666,0.5453425466666667,48.0,25464.0,25601.0,0.0,0.0016043333333333333,0.0,0.0,0.0,,,,,4cd141587459233263a200b9e545de04352a09db6f72236e54b5f7fa52dfcfc1
before,2,sky,600,0.38569116666666664,0.2949,0.5235,0.7277,0.0609495,0.37661182,0.0,0.0,0.0,0.0,0.0011086666666666667,0.0,0.0,0.0,,,,,c280e56f9e0074bff9061026874c8f7171d798de41078d43a4ef7f9676c227cd
before,2,translate,600,0.5655008333333333,0.378,0.6361,0.8184,0.14759466666666668,0.5535950333333334,41.22833333333333,23682.75,22078.183333333334,0.0,0.0013416666666666666,0.0,0.0,0.0,,,,,44c31a73f986b475dcf05d93cff3aef40bb71e58bebd9389def1321febed4dc9
before,2,rotate,600,0.5149495,0.4109,0.6958,1.0091,0.17563533333333334,0.5048914,41.50333333333333,23165.943333333333,22304.37,0.0,0.0013366666666666666,0.0,0.0,0.0,,,,,ac928fc549e4be446c66394b692212360e20467d06612fa127432f93f1517b7b
before,2,seam_edits,600,2.6613836666666666,2.2708,2.9406,3.4638,1.6524226666666666,2.6373798533333335,42.0,22896.0,22345.5,0.0,0.5186615,2.0,4.0,167664.0,,,,,f0473b5837e71901fe05e5b81ba919324d9e715901ccfe01c899aba680314da1
before,2,sky_moving,600,0.39114333333333334,0.2963,0.555,0.8843,0.07097983333333334,0.3808207866666667,0.0,0.0,0.0,0.0,0.0012271666666666668,0.0,0.0,0.0,,,,,c280e56f9e0074bff9061026874c8f7171d798de41078d43a4ef7f9676c227cd
before,2,wall_moving,600,0.42447883333333336,0.3799,0.6402,0.9184,0.16819933333333334,0.36907372666666666,26.816666666666666,15183.423333333334,14600.74,0.0,0.0013241666666666666,0.0,0.0,0.0,,,,,209b3f4fa5cd82b27fc6f55dfe0b0feaf8592e67dca71e4b7bee8791df0c84bd
before,2,cloud_layer,600,0.37356816666666665,0.2848,0.5162,0.7158,0.0614945,0.36446002666666666,0.0,0.0,0.0,0.0,0.0010835,0.0,0.0,0.0,,,,,c280e56f9e0074bff9061026874c8f7171d798de41078d43a4ef7f9676c227cd
before,3,underground,600,0.8168569999999999,0.74825,1.2235,1.5901,0.473672,0.49713308666666667,42.0,22890.0,22344.0,0.0,0.0018413333333333333,0.0,0.0,0.0,,,,,af7cb4873dc97285e4fa5b3531e571e105a2c156dfd69f00f7ad4f493df14e47
before,3,surface_still,600,0.5941688333333334,0.37565000000000004,0.6089,0.8442,0.117408,0.5823616933333333,42.0,22890.0,22344.0,0.0,0.0015841666666666667,0.0,0.0,0.0,,,,,af7cb4873dc97285e4fa5b3531e571e105a2c156dfd69f00f7ad4f493df14e47
before,3,overview,600,0.5442405,0.332,0.5915,0.7637,0.08968083333333333,0.53162616,48.0,25464.0,25601.0,0.0,0.0014031666666666667,0.0,0.0,0.0,,,,,4cd141587459233263a200b9e545de04352a09db6f72236e54b5f7fa52dfcfc1
before,3,sky,600,0.38560633333333333,0.289,0.5307,0.7277,0.06315233333333334,0.3763629133333333,0.0,0.0,0.0,0.0,0.0011031666666666666,0.0,0.0,0.0,,,,,c280e56f9e0074bff9061026874c8f7171d798de41078d43a4ef7f9676c227cd
before,3,translate,600,0.5705111666666667,0.37934999999999997,0.6777,1.0043,0.1538645,0.54913664,41.22833333333333,23682.75,22078.183333333334,0.0,0.0013131666666666667,0.0,0.0,0.0,,,,,44c31a73f986b475dcf05d93cff3aef40bb71e58bebd9389def1321febed4dc9
before,3,rotate,600,0.5158411666666667,0.39490000000000003,0.6643,1.0919,0.17075283333333333,0.5065708266666666,41.50333333333333,23165.943333333333,22304.37,0.0,0.001458,0.0,0.0,0.0,,,,,ac928fc549e4be446c66394b692212360e20467d06612fa127432f93f1517b7b
before,3,seam_edits,600,2.768785,2.3472,3.2886,4.5405,1.7678,2.75130674,42.0,22896.0,22345.5,0.0,0.547626,2.0,4.0,167664.0,,,,,f0473b5837e71901fe05e5b81ba919324d9e715901ccfe01c899aba680314da1
before,3,sky_moving,600,0.390576,0.31005,0.5601,0.847,0.07578616666666667,0.38076818,0.0,0.0,0.0,0.0,0.0014998333333333333,0.0,0.0,0.0,,,,,c280e56f9e0074bff9061026874c8f7171d798de41078d43a4ef7f9676c227cd
before,3,wall_moving,600,0.416571,0.38365,0.6282,0.8647,0.15972983333333332,0.36885090666666664,26.816666666666666,15183.423333333334,14600.74,0.0,0.0012468333333333333,0.0,0.0,0.0,,,,,209b3f4fa5cd82b27fc6f55dfe0b0feaf8592e67dca71e4b7bee8791df0c84bd
before,3,cloud_layer,600,0.3711388333333333,0.2959,0.569,0.9465,0.06862066666666666,0.3624923466666667,0.0,0.0,0.0,0.0,0.0011675,0.0,0.0,0.0,,,,,c280e56f9e0074bff9061026874c8f7171d798de41078d43a4ef7f9676c227cd
forest-r12,1,underground,600,0.8490098333333334,0.80965,1.2345,1.6011,0.5222833333333333,0.60387964,90.0,68478.0,55545.0,0.0,0.0019781666666666667,0.0,0.0,0.0,0.000,90.000,1155744,0.000,5d542602229bb5ee89b5f078182ee78b4aac147b06558e957d6083730149a00c
forest-r12,1,surface_still,600,0.6705825,0.4043,0.6577,1.0926,0.143531,0.6575647866666666,90.0,68478.0,55545.0,0.0,0.0018278333333333332,0.0,0.0,0.0,0.000,90.000,1155744,0.000,5d542602229bb5ee89b5f078182ee78b4aac147b06558e957d6083730149a00c
forest-r12,1,overview,600,0.6459743333333333,0.35535,0.636,1.0417,0.11661966666666666,0.6341068933333334,94.0,70358.0,57390.0,0.0,0.001598,0.0,0.0,0.0,0.000,94.000,1155744,0.000,11ec7f893fd05c765bd7f8f3cf64610ef148e8baa68af05041712b4c72405cf0
forest-r12,1,sky,600,0.3874586666666667,0.30465,0.607,0.992,0.06933616666666667,0.3774992,0.0,0.0,0.0,0.0,0.0011803333333333334,0.0,0.0,0.0,0.000,0.000,1155744,0.000,c280e56f9e0074bff9061026874c8f7171d798de41078d43a4ef7f9676c227cd
forest-r12,1,translate,600,0.6134928333333334,0.47255,0.7527,1.0748,0.239835,0.6033260133333334,88.24333333333334,68001.76333333334,54483.17166666667,0.0,0.0013708333333333333,0.0,0.0,0.0,256.000,88.243,1155744,0.000,d9a7d67dede8ab7a58f668b32ab1ae54fd5a947909b49af7ee04404eb67bc6b2
forest-r12,1,rotate,600,0.5800138333333333,0.476,0.8213,1.0164,0.260547,0.5699640266666667,85.57666666666667,63621.37666666666,52547.29833333333,0.0,0.0015796666666666667,0.0,0.0,0.0,256.000,85.577,1155744,0.000,eeef20067490f3e5fe478079b13e4bbee712065c3a6cab0a5309fb68796df287
forest-r12,1,seam_edits,600,2.8814653333333333,2.34605,3.3357,4.2998,1.7694086666666666,2.8506920866666667,90.0,68484.0,55546.5,0.0,0.522916,2.0,4.0,166452.0,256.000,90.000,1155816,12804.000,c534df8c7629cadda6c6039f6c55a67712f883c0f855831aa9c080b9a9cceefc
forest-r12,1,sky_moving,600,0.4012346666666667,0.3043,0.8457,1.4436,0.08328233333333333,0.38995571333333334,0.0,0.0,0.0,0.0,0.0011531666666666667,0.0,0.0,0.0,256.000,0.000,1155744,0.000,c280e56f9e0074bff9061026874c8f7171d798de41078d43a4ef7f9676c227cd
forest-r12,1,wall_moving,600,0.5650183333333333,0.43825000000000003,1.1527,2.0146,0.2457785,0.4371756133333333,44.675,33807.613333333335,27740.698333333334,0.0,0.0015083333333333333,0.0,0.0,0.0,256.000,88.443,1155660,0.000,f9fba9f786a692d62c68a8f00619f41cfc5347366ecafd83faf46a65c55f2266
forest-r12,1,cloud_layer,600,0.41060233333333335,0.29815,0.8811,1.2705,0.084239,0.397085,0.0,0.0,0.0,0.0,0.0016528333333333334,0.0,0.0,0.0,183.307,0.000,1155660,0.000,c280e56f9e0074bff9061026874c8f7171d798de41078d43a4ef7f9676c227cd
forest-r12,2,underground,600,1.0000598333333333,0.88075,1.7348,2.3865,0.6223516666666666,0.6430386733333333,90.0,68478.0,55545.0,0.0,0.0026506666666666666,0.0,0.0,0.0,0.000,90.000,1155744,0.000,5d542602229bb5ee89b5f078182ee78b4aac147b06558e957d6083730149a00c
forest-r12,2,surface_still,600,0.7049706666666666,0.42845,1.02,1.5384,0.17593516666666667,0.6902463533333333,90.0,68478.0,55545.0,0.0,0.0021381666666666667,0.0,0.0,0.0,0.000,90.000,1155744,0.000,5d542602229bb5ee89b5f078182ee78b4aac147b06558e957d6083730149a00c
forest-r12,2,overview,600,0.7040435,0.3826,0.8467,1.2405,0.13702166666666668,0.67495272,94.0,70358.0,57390.0,0.0,0.001771,0.0,0.0,0.0,0.000,94.000,1155744,0.000,11ec7f893fd05c765bd7f8f3cf64610ef148e8baa68af05041712b4c72405cf0
forest-r12,2,sky,600,0.3946711666666667,0.29225,0.6405,0.9274,0.07238699999999999,0.3798814933333333,0.0,0.0,0.0,0.0,0.001055,0.0,0.0,0.0,0.000,0.000,1155744,0.000,c280e56f9e0074bff9061026874c8f7171d798de41078d43a4ef7f9676c227cd
forest-r12,2,translate,600,0.6471955,0.49429999999999996,1.1331,2.328,0.29299716666666664,0.633997,88.24333333333334,68001.76333333334,54483.17166666667,0.0,0.001936,0.0,0.0,0.0,256.000,88.243,1155744,0.000,d9a7d67dede8ab7a58f668b32ab1ae54fd5a947909b49af7ee04404eb67bc6b2
forest-r12,2,rotate,600,0.6321153333333334,0.53405,1.2214,1.6082,0.30430566666666664,0.5886905266666667,85.57666666666667,63621.37666666666,52547.29833333333,0.0,0.0025475,0.0,0.0,0.0,256.000,85.577,1155744,0.000,eeef20067490f3e5fe478079b13e4bbee712065c3a6cab0a5309fb68796df287
forest-r12,2,seam_edits,600,3.102549333333333,2.6229,4.6411,5.5891,2.122064,3.0716336733333334,90.0,68484.0,55546.5,0.0,0.5919886666666667,2.0,4.0,166452.0,256.000,90.000,1155816,12804.000,c534df8c7629cadda6c6039f6c55a67712f883c0f855831aa9c080b9a9cceefc
forest-r12,2,sky_moving,600,0.4601713333333333,0.3593,0.9367,1.3676,0.10569433333333333,0.4001616666666667,0.0,0.0,0.0,0.0,0.002173333333333333,0.0,0.0,0.0,256.000,0.000,1155744,0.000,c280e56f9e0074bff9061026874c8f7171d798de41078d43a4ef7f9676c227cd
forest-r12,2,wall_moving,600,0.5122631666666667,0.45175,0.8231,1.1137,0.23015733333333332,0.42171358666666664,44.675,33807.613333333335,27740.698333333334,0.0,0.0016306666666666665,0.0,0.0,0.0,256.000,88.443,1155660,0.000,f9fba9f786a692d62c68a8f00619f41cfc5347366ecafd83faf46a65c55f2266
forest-r12,2,cloud_layer,600,0.3820455,0.3014,0.6343,0.9588,0.07327333333333333,0.3657879333333333,0.0,0.0,0.0,0.0,0.0013948333333333332,0.0,0.0,0.0,183.307,0.000,1155660,0.000,c280e56f9e0074bff9061026874c8f7171d798de41078d43a4ef7f9676c227cd
forest-r12,3,underground,600,0.897756,0.83065,1.4263,1.6619,0.5624496666666666,0.60555092,90.0,68478.0,55545.0,0.0,0.0021785,0.0,0.0,0.0,0.000,90.000,1155744,0.000,5d542602229bb5ee89b5f078182ee78b4aac147b06558e957d6083730149a00c
forest-r12,3,surface_still,600,0.6687646666666667,0.4122,0.6814,0.9274,0.14986733333333332,0.6560477733333333,90.0,68478.0,55545.0,0.0,0.0016528333333333334,0.0,0.0,0.0,0.000,90.000,1155744,0.000,5d542602229bb5ee89b5f078182ee78b4aac147b06558e957d6083730149a00c
forest-r12,3,overview,600,0.6535976666666666,0.36395,0.6757,0.9385,0.11797966666666666,0.63993306,94.0,70358.0,57390.0,0.0,0.0015355,0.0,0.0,0.0,0.000,94.000,1155744,0.000,11ec7f893fd05c765bd7f8f3cf64610ef148e8baa68af05041712b4c72405cf0
forest-r12,3,sky,600,0.3872791666666667,0.30275,0.5181,0.7714,0.065967,0.37763292666666665,0.0,0.0,0.0,0.0,0.0011641666666666666,0.0,0.0,0.0,0.000,0.000,1155744,0.000,c280e56f9e0074bff9061026874c8f7171d798de41078d43a4ef7f9676c227cd
forest-r12,3,translate,600,0.6141855,0.47445,0.7686,1.0128,0.2448705,0.60302684,88.24333333333334,68001.76333333334,54483.17166666667,0.0,0.0013623333333333332,0.0,0.0,0.0,256.000,88.243,1155744,0.000,d9a7d67dede8ab7a58f668b32ab1ae54fd5a947909b49af7ee04404eb67bc6b2
forest-r12,3,rotate,600,0.5752328333333333,0.5034,0.8277,1.1861,0.27411,0.5657010666666666,85.57666666666667,63621.37666666666,52547.29833333333,0.0,0.0014551666666666667,0.0,0.0,0.0,256.000,85.577,1155744,0.000,eeef20067490f3e5fe478079b13e4bbee712065c3a6cab0a5309fb68796df287
forest-r12,3,seam_edits,600,2.8291168333333334,2.2873,2.9995,3.6674,1.728391,2.8111187,90.0,68484.0,55546.5,0.0,0.5242815,2.0,4.0,166452.0,256.000,90.000,1155816,12804.000,c534df8c7629cadda6c6039f6c55a67712f883c0f855831aa9c080b9a9cceefc
forest-r12,3,sky_moving,600,0.3950266666666667,0.2954,0.5572,0.8124,0.08060233333333333,0.381953,0.0,0.0,0.0,0.0,0.001032,0.0,0.0,0.0,256.000,0.000,1155744,0.000,c280e56f9e0074bff9061026874c8f7171d798de41078d43a4ef7f9676c227cd
forest-r12,3,wall_moving,600,0.4892011666666667,0.4365,0.679,0.9384,0.22235,0.4063505333333333,44.675,33807.613333333335,27740.698333333334,0.0,0.0012943333333333333,0.0,0.0,0.0,256.000,88.443,1155660,0.000,f9fba9f786a692d62c68a8f00619f41cfc5347366ecafd83faf46a65c55f2266
forest-r12,3,cloud_layer,600,0.3744051666666667,0.29415,0.5735,0.7322,0.06774583333333334,0.36490792,0.0,0.0,0.0,0.0,0.0010383333333333334,0.0,0.0,0.0,183.307,0.000,1155660,0.000,c280e56f9e0074bff9061026874c8f7171d798de41078d43a4ef7f9676c227cd
forest-r12-merge,1,underground,600,1.251836,1.1275,2.2026,2.9957,0.7736435,0.67521272,90.0,68478.0,55545.0,0.0,0.004294,0.0,0.0,0.0,0.000,90.000,1155744,0.000,5d542602229bb5ee89b5f078182ee78b4aac147b06558e957d6083730149a00c
forest-r12-merge,1,surface_still,600,0.7304275,0.50875,1.1231,1.5729,0.22717,0.7103518066666666,90.0,68478.0,55545.0,0.0,0.0037706666666666665,0.0,0.0,0.0,0.000,90.000,1155744,0.000,5d542602229bb5ee89b5f078182ee78b4aac147b06558e957d6083730149a00c
forest-r12-merge,1,overview,600,0.6733881666666667,0.38665000000000005,0.7026,0.9547,0.1364485,0.6557139333333334,94.0,70358.0,57390.0,0.0,0.0018463333333333333,0.0,0.0,0.0,0.000,94.000,1155744,0.000,11ec7f893fd05c765bd7f8f3cf64610ef148e8baa68af05041712b4c72405cf0
forest-r12-merge,1,sky,600,0.40594983333333334,0.3072,0.7584,1.0567,0.07260683333333333,0.3899571,0.0,0.0,0.0,0.0,0.0014183333333333333,0.0,0.0,0.0,0.000,0.000,1155744,0.000,c280e56f9e0074bff9061026874c8f7171d798de41078d43a4ef7f9676c227cd
forest-r12-merge,1,translate,600,0.6663005,0.5419,1.2359,1.9693,0.3196753333333333,0.6479824,88.24333333333334,68001.76333333334,54483.17166666667,0.0,0.003369,0.0,0.0,0.0,256.000,88.243,1155744,0.000,d9a7d67dede8ab7a58f668b32ab1ae54fd5a947909b49af7ee04404eb67bc6b2
forest-r12-merge,1,rotate,600,0.7348058333333334,0.63505,1.3587,1.7146,0.3691871666666667,0.66795742,85.57666666666667,63621.37666666666,52547.29833333333,0.0,0.0029046666666666665,0.0,0.0,0.0,256.000,85.577,1155744,0.000,eeef20067490f3e5fe478079b13e4bbee712065c3a6cab0a5309fb68796df287
forest-r12-merge,1,seam_edits,600,2.8644843333333334,2.5387500000000003,3.6285,4.4379,1.9244465,2.8451163,90.0,68484.0,55546.5,0.0,0.5502151666666667,2.0,4.0,166452.0,256.000,90.000,1155816,12804.000,c534df8c7629cadda6c6039f6c55a67712f883c0f855831aa9c080b9a9cceefc
forest-r12-merge,1,sky_moving,600,0.4714681666666667,0.4456,0.7064,0.9842,0.10750216666666666,0.38409314666666666,0.0,0.0,0.0,0.0,0.002092,0.0,0.0,0.0,256.000,0.000,1155744,0.000,c280e56f9e0074bff9061026874c8f7171d798de41078d43a4ef7f9676c227cd
forest-r12-merge,1,wall_moving,600,0.5403326666666667,0.48419999999999996,0.8983,1.1329,0.24194483333333333,0.43737382,44.675,33807.613333333335,27740.698333333334,0.0,0.0019695,0.0,0.0,0.0,256.000,88.443,1155660,0.000,f9fba9f786a692d62c68a8f00619f41cfc5347366ecafd83faf46a65c55f2266
forest-r12-merge,1,cloud_layer,600,0.38538316666666667,0.31475,0.6555,0.952,0.0783475,0.37614902,0.0,0.0,0.0,0.0,0.0016316666666666667,0.0,0.0,0.0,183.307,0.000,1155660,0.000,c280e56f9e0074bff9061026874c8f7171d798de41078d43a4ef7f9676c227cd
forest-r12-merge,2,underground,600,0.8500521666666667,0.81935,1.2546,1.5878,0.530946,0.6137628466666667,90.0,68478.0,55545.0,0.0,0.0017745,0.0,0.0,0.0,0.000,90.000,1155744,0.000,5d542602229bb5ee89b5f078182ee78b4aac147b06558e957d6083730149a00c
forest-r12-merge,2,surface_still,600,0.6706511666666667,0.4167,0.7095,1.071,0.15154933333333334,0.65764062,90.0,68478.0,55545.0,0.0,0.0016805,0.0,0.0,0.0,0.000,90.000,1155744,0.000,5d542602229bb5ee89b5f078182ee78b4aac147b06558e957d6083730149a00c
forest-r12-merge,2,overview,600,0.648045,0.35114999999999996,0.6172,0.9227,0.11855733333333333,0.6364442066666667,94.0,70358.0,57390.0,0.0,0.0015746666666666667,0.0,0.0,0.0,0.000,94.000,1155744,0.000,11ec7f893fd05c765bd7f8f3cf64610ef148e8baa68af05041712b4c72405cf0
forest-r12-merge,2,sky,600,0.388358,0.29895,0.5943,0.928,0.0688525,0.3791138,0.0,0.0,0.0,0.0,0.0010893333333333332,0.0,0.0,0.0,0.000,0.000,1155744,0.000,c280e56f9e0074bff9061026874c8f7171d798de41078d43a4ef7f9676c227cd
forest-r12-merge,2,translate,600,0.616045,0.46575,0.7679,1.0216,0.23789433333333335,0.60356088,88.24333333333334,68001.76333333334,54483.17166666667,0.0,0.0013868333333333332,0.0,0.0,0.0,256.000,88.243,1155744,0.000,d9a7d67dede8ab7a58f668b32ab1ae54fd5a947909b49af7ee04404eb67bc6b2
forest-r12-merge,2,rotate,600,0.5792476666666667,0.5176499999999999,0.8833,1.1789,0.28306183333333335,0.5682579066666666,85.57666666666667,63621.37666666666,52547.29833333333,0.0,0.0016048333333333333,0.0,0.0,0.0,256.000,85.577,1155744,0.000,eeef20067490f3e5fe478079b13e4bbee712065c3a6cab0a5309fb68796df287
forest-r12-merge,2,seam_edits,600,2.8061101666666666,2.303,3.0308,3.5601,1.715704,2.7855165866666667,90.0,68484.0,55546.5,0.0,0.510265,2.0,4.0,166452.0,256.000,90.000,1155816,12804.000,c534df8c7629cadda6c6039f6c55a67712f883c0f855831aa9c080b9a9cceefc
forest-r12-merge,2,sky_moving,600,0.3863756666666667,0.2999,0.5369,0.8264,0.07195016666666666,0.37749504,0.0,0.0,0.0,0.0,0.001049,0.0,0.0,0.0,256.000,0.000,1155744,0.000,c280e56f9e0074bff9061026874c8f7171d798de41078d43a4ef7f9676c227cd
forest-r12-merge,2,wall_moving,600,0.4751686666666667,0.43985,0.7335,0.9495,0.213527,0.4048201733333333,44.675,33807.613333333335,27740.698333333334,0.0,0.0012618333333333333,0.0,0.0,0.0,256.000,88.443,1155660,0.000,f9fba9f786a692d62c68a8f00619f41cfc5347366ecafd83faf46a65c55f2266
forest-r12-merge,2,cloud_layer,600,0.3732911666666667,0.2885,0.5228,0.7655,0.06417983333333334,0.36336612,0.0,0.0,0.0,0.0,0.0009476666666666666,0.0,0.0,0.0,183.307,0.000,1155660,0.000,c280e56f9e0074bff9061026874c8f7171d798de41078d43a4ef7f9676c227cd
forest-r12-merge,3,underground,600,0.856196,0.786,1.2211,1.469,0.5186813333333333,0.6176241066666667,90.0,68478.0,55545.0,0.0,0.0017618333333333334,0.0,0.0,0.0,0.000,90.000,1155744,0.000,5d542602229bb5ee89b5f078182ee78b4aac147b06558e957d6083730149a00c
forest-r12-merge,3,surface_still,600,0.6751143333333334,0.4068,0.6996,1.0048,0.1448615,0.65726908,90.0,68478.0,55545.0,0.0,0.0015588333333333333,0.0,0.0,0.0,0.000,90.000,1155744,0.000,5d542602229bb5ee89b5f078182ee78b4aac147b06558e957d6083730149a00c
forest-r12-merge,3,overview,600,0.6570233333333334,0.3616,0.6911,0.9085,0.11758266666666667,0.6388513733333333,94.0,70358.0,57390.0,0.0,0.0015245,0.0,0.0,0.0,0.000,94.000,1155744,0.000,11ec7f893fd05c765bd7f8f3cf64610ef148e8baa68af05041712b4c72405cf0
forest-r12-merge,3,sky,600,0.3874766666666667,0.28205,0.558,0.9161,0.06043933333333333,0.3777062466666667,0.0,0.0,0.0,0.0,0.001012,0.0,0.0,0.0,0.000,0.000,1155744,0.000,c280e56f9e0074bff9061026874c8f7171d798de41078d43a4ef7f9676c227cd
forest-r12-merge,3,translate,600,0.6151383333333333,0.46904999999999997,0.7874,0.997,0.2401135,0.6035466666666667,88.24333333333334,68001.76333333334,54483.17166666667,0.0,0.0013778333333333333,0.0,0.0,0.0,256.000,88.243,1155744,0.000,d9a7d67dede8ab7a58f668b32ab1ae54fd5a947909b49af7ee04404eb67bc6b2
forest-r12-merge,3,rotate,600,0.5781661666666666,0.49570000000000003,0.8181,1.1933,0.2708365,0.5669514933333333,85.57666666666667,63621.37666666666,52547.29833333333,0.0,0.001363,0.0,0.0,0.0,256.000,85.577,1155744,0.000,eeef20067490f3e5fe478079b13e4bbee712065c3a6cab0a5309fb68796df287
forest-r12-merge,3,seam_edits,600,2.826704,2.2754000000000003,3.2043,3.8942,1.711815,2.8071952133333333,90.0,68484.0,55546.5,0.0,0.5199696666666667,2.0,4.0,166452.0,256.000,90.000,1155816,12804.000,c534df8c7629cadda6c6039f6c55a67712f883c0f855831aa9c080b9a9cceefc
forest-r12-merge,3,sky_moving,600,0.39701716666666664,0.2897,0.5137,0.7797,0.06560783333333334,0.38607738,0.0,0.0,0.0,0.0,0.0009711666666666666,0.0,0.0,0.0,256.000,0.000,1155744,0.000,c280e56f9e0074bff9061026874c8f7171d798de41078d43a4ef7f9676c227cd
forest-r12-merge,3,wall_moving,600,0.4817626666666667,0.4374,0.7054,0.9609,0.20959333333333333,0.4118499666666667,44.675,33807.613333333335,27740.698333333334,0.0,0.0011538333333333333,0.0,0.0,0.0,256.000,88.443,1155660,0.000,f9fba9f786a692d62c68a8f00619f41cfc5347366ecafd83faf46a65c55f2266
forest-r12-merge,3,cloud_layer,600,0.37860466666666664,0.28325,0.5102,0.7743,0.060407333333333334,0.3700474266666667,0.0,0.0,0.0,0.0,0.0009941666666666666,0.0,0.0,0.0,183.307,0.000,1155660,0.000,c280e56f9e0074bff9061026874c8f7171d798de41078d43a4ef7f9676c227cd
forest-r6,1,underground,600,0.8100211666666667,0.7473,1.3161,1.7839,0.484028,0.5368332666666666,42.0,26924.0,23496.0,0.0,0.0019108333333333334,0.0,0.0,0.0,0.000,42.000,1155744,0.000,ec7f3a7930939efa39da8c28a19fb489fd9dd8018472a4520290dc3dffd5e944
forest-r6,1,surface_still,600,0.598187,0.35385,0.6139,0.874,0.10990516666666666,0.58714422,42.0,26924.0,23496.0,0.0,0.0014725,0.0,0.0,0.0,0.000,42.000,1155744,0.000,ec7f3a7930939efa39da8c28a19fb489fd9dd8018472a4520290dc3dffd5e944
forest-r6,1,overview,600,0.5727091666666667,0.3303,0.7583,1.3148,0.09266616666666666,0.55952598,48.0,29624.0,26753.0,0.0,0.0018473333333333334,0.0,0.0,0.0,0.000,48.000,1155744,0.000,f8c32742f12a7036feea23781206989c6eafc7087b64f6178f217c31f0bfbe10
forest-r6,1,sky,600,0.38591383333333334,0.27344999999999997,0.5089,0.6807,0.05843,0.3767016933333333,0.0,0.0,0.0,0.0,0.0009605,0.0,0.0,0.0,0.000,0.000,1155744,0.000,c280e56f9e0074bff9061026874c8f7171d798de41078d43a4ef7f9676c227cd
forest-r6,1,translate,600,0.5652081666666666,0.374,0.6654,1.1427,0.1496185,0.5538201066666667,41.22833333333333,27438.853333333333,23143.183333333334,0.0,0.0012455,0.0,0.0,0.0,169.000,41.228,1155744,0.000,9988fdc6c40413f74f370b249d2a7eff60329786166cb15fd875c86e540fa270
forest-r6,1,rotate,600,0.5273818333333333,0.3823,0.6681,0.9411,0.16405983333333332,0.5175891933333333,41.50333333333333,26774.166666666668,23314.068333333333,0.0,0.0011996666666666666,0.0,0.0,0.0,169.000,41.503,1155744,0.000,e2c0c5650b1659466bda7f20081cdf8c6bb995e9631c01388f94231abcb2001b
forest-r6,1,seam_edits,600,2.7811931666666667,2.1193,2.8758,3.475,1.5431176666666666,2.76109132,42.0,26930.0,23497.5,0.0,0.5040185,2.0,4.0,166452.0,169.000,42.000,1155816,12804.000,5f4c2154841dcf875ef0f60eaf68da6ef8fa7632cf989c41257544a7ef6987d6
forest-r6,1,sky_moving,600,0.38972,0.2908,0.5172,0.7513,0.06417366666666667,0.3778922333333333,0.0,0.0,0.0,0.0,0.00101,0.0,0.0,0.0,169.000,0.000,1155744,0.000,c280e56f9e0074bff9061026874c8f7171d798de41078d43a4ef7f9676c227cd
forest-r6,1,wall_moving,600,0.40453083333333334,0.37039999999999995,0.6204,0.8587,0.1527215,0.37597109333333334,26.8,18199.96,15476.696666666667,0.0,0.001166,0.0,0.0,0.0,169.000,41.728,1155660,0.000,79d64c250fe373ee8a3342bd871cb424a41c6ac5f3d1b6603d96e83b6367f9e1
forest-r6,1,cloud_layer,600,0.3741603333333333,0.28085000000000004,0.5789,0.8729,0.06130766666666666,0.36456177333333334,0.0,0.0,0.0,0.0,0.0011361666666666666,0.0,0.0,0.0,86.493,0.000,1155660,0.000,c280e56f9e0074bff9061026874c8f7171d798de41078d43a4ef7f9676c227cd
forest-r6,2,underground,600,0.849576,0.7745500000000001,1.4175,2.0916,0.5142093333333333,0.5321652266666667,42.0,26924.0,23496.0,0.0,0.001859,0.0,0.0,0.0,0.000,42.000,1155744,0.000,ec7f3a7930939efa39da8c28a19fb489fd9dd8018472a4520290dc3dffd5e944
forest-r6,2,surface_still,600,0.5988741666666667,0.3574,0.6387,1.4755,0.13285266666666667,0.5835857733333333,42.0,26924.0,23496.0,0.0,0.001528,0.0,0.0,0.0,0.000,42.000,1155744,0.000,ec7f3a7930939efa39da8c28a19fb489fd9dd8018472a4520290dc3dffd5e944
forest-r6,2,overview,600,0.5660381666666667,0.33385,0.6932,1.1339,0.0922545,0.5515834133333334,48.0,29624.0,26753.0,0.0,0.0013411666666666667,0.0,0.0,0.0,0.000,48.000,1155744,0.000,f8c32742f12a7036feea23781206989c6eafc7087b64f6178f217c31f0bfbe10
forest-r6,2,sky,600,0.38461083333333335,0.2942,0.5083,0.8018,0.06468183333333333,0.37612822,0.0,0.0,0.0,0.0,0.0010901666666666666,0.0,0.0,0.0,0.000,0.000,1155744,0.000,c280e56f9e0074bff9061026874c8f7171d798de41078d43a4ef7f9676c227cd
forest-r6,2,translate,600,0.5691011666666667,0.39415,0.6959,0.9303,0.15880483333333334,0.5546479466666666,41.22833333333333,27438.853333333333,23143.183333333334,0.0,0.0012426666666666667,0.0,0.0,0.0,169.000,41.228,1155744,0.000,9988fdc6c40413f74f370b249d2a7eff60329786166cb15fd875c86e540fa270
forest-r6,2,rotate,600,0.5259385,0.40954999999999997,0.6888,0.9856,0.18049716666666665,0.51576148,41.50333333333333,26774.166666666668,23314.068333333333,0.0,0.0012691666666666667,0.0,0.0,0.0,169.000,41.503,1155744,0.000,e2c0c5650b1659466bda7f20081cdf8c6bb995e9631c01388f94231abcb2001b
forest-r6,2,seam_edits,600,2.7893518333333334,2.18655,2.8451,3.4775,1.610817,2.76580304,42.0,26930.0,23497.5,0.0,0.5169236666666667,2.0,4.0,166452.0,169.000,42.000,1155816,12804.000,5f4c2154841dcf875ef0f60eaf68da6ef8fa7632cf989c41257544a7ef6987d6
forest-r6,2,sky_moving,600,0.3878655,0.3006,0.5428,0.7404,0.073858,0.37910400666666666,0.0,0.0,0.0,0.0,0.0010743333333333334,0.0,0.0,0.0,169.000,0.000,1155744,0.000,c280e56f9e0074bff9061026874c8f7171d798de41078d43a4ef7f9676c227cd
forest-r6,2,wall_moving,600,0.44065933333333335,0.39375,0.6366,0.8452,0.16513266666666668,0.38149392666666665,26.8,18199.96,15476.696666666667,0.0,0.0011761666666666667,0.0,0.0,0.0,169.000,41.728,1155660,0.000,79d64c250fe373ee8a3342bd871cb424a41c6ac5f3d1b6603d96e83b6367f9e1
forest-r6,2,cloud_layer,600,0.3743295,0.30175,0.6126,0.8552,0.07126433333333333,0.36540192,0.0,0.0,0.0,0.0,0.0011961666666666666,0.0,0.0,0.0,86.493,0.000,1155660,0.000,c280e56f9e0074bff9061026874c8f7171d798de41078d43a4ef7f9676c227cd
forest-r6,3,underground,600,0.8077008333333333,0.7826500000000001,1.2093,1.3985,0.48667116666666665,0.5304281666666667,42.0,26924.0,23496.0,0.0,0.0019031666666666667,0.0,0.0,0.0,0.000,42.000,1155744,0.000,ec7f3a7930939efa39da8c28a19fb489fd9dd8018472a4520290dc3dffd5e944
forest-r6,3,surface_still,600,0.596061,0.36515,0.6285,0.8558,0.11395983333333333,0.58454968,42.0,26924.0,23496.0,0.0,0.0015798333333333333,0.0,0.0,0.0,0.000,42.000,1155744,0.000,ec7f3a7930939efa39da8c28a19fb489fd9dd8018472a4520290dc3dffd5e944
forest-r6,3,overview,600,0.5652993333333334,0.3251,0.6047,0.9083,0.0878245,0.5532878866666666,48.0,29624.0,26753.0,0.0,0.0012716666666666666,0.0,0.0,0.0,0.000,48.000,1155744,0.000,f8c32742f12a7036feea23781206989c6eafc7087b64f6178f217c31f0bfbe10
forest-r6,3,sky,600,0.39650066666666667,0.30395,0.5107,0.6984,0.06446383333333333,0.38617774,0.0,0.0,0.0,0.0,0.0009243333333333333,0.0,0.0,0.0,0.000,0.000,1155744,0.000,c280e56f9e0074bff9061026874c8f7171d798de41078d43a4ef7f9676c227cd
forest-r6,3,translate,600,0.5675248333333334,0.3812,0.6777,0.9838,0.15426483333333332,0.55318172,41.22833333333333,27438.853333333333,23143.183333333334,0.0,0.001273,0.0,0.0,0.0,169.000,41.228,1155744,0.000,9988fdc6c40413f74f370b249d2a7eff60329786166cb15fd875c86e540fa270
forest-r6,3,rotate,600,0.5268426666666667,0.39995,0.6865,0.8622,0.17224733333333334,0.51606906,41.50333333333333,26774.166666666668,23314.068333333333,0.0,0.0012105,0.0,0.0,0.0,169.000,41.503,1155744,0.000,e2c0c5650b1659466bda7f20081cdf8c6bb995e9631c01388f94231abcb2001b
forest-r6,3,seam_edits,600,2.7831375,2.2195,2.9675,3.4458,1.6313761666666666,2.7616678266666668,42.0,26930.0,23497.5,0.0,0.5188326666666667,2.0,4.0,166452.0,169.000,42.000,1155816,12804.000,5f4c2154841dcf875ef0f60eaf68da6ef8fa7632cf989c41257544a7ef6987d6
forest-r6,3,sky_moving,600,0.387298,0.32284999999999997,0.6713,1.124,0.08621783333333333,0.37798514,0.0,0.0,0.0,0.0,0.0014916666666666667,0.0,0.0,0.0,169.000,0.000,1155744,0.000,c280e56f9e0074bff9061026874c8f7171d798de41078d43a4ef7f9676c227cd
forest-r6,3,wall_moving,600,0.558946,0.4857,1.0252,1.4896,0.22078666666666666,0.38356231333333335,26.8,18199.96,15476.696666666667,0.0,0.002497333333333333,0.0,0.0,0.0,169.000,41.728,1155660,0.000,79d64c250fe373ee8a3342bd871cb424a41c6ac5f3d1b6603d96e83b6367f9e1
forest-r6,3,cloud_layer,600,0.3745036666666667,0.29200000000000004,0.5009,0.6804,0.06173883333333333,0.3654521866666667,0.0,0.0,0.0,0.0,0.0009696666666666666,0.0,0.0,0.0,86.493,0.000,1155660,0.000,c280e56f9e0074bff9061026874c8f7171d798de41078d43a4ef7f9676c227cd
insertion,1,underground,600,0.802693,0.7571,1.1909,1.3988,0.4890966666666667,0.5019849466666667,42.0,22890.0,22344.0,0.0,0.001959,0.0,0.0,0.0,0.000,42.000,953772,0.000,af7cb4873dc97285e4fa5b3531e571e105a2c156dfd69f00f7ad4f493df14e47
insertion,1,surface_still,600,0.593928,0.38354999999999995,0.642,0.8672,0.12149116666666666,0.5826611266666667,42.0,22890.0,22344.0,0.0,0.0016011666666666668,0.0,0.0,0.0,0.000,42.000,953772,0.000,af7cb4873dc97285e4fa5b3531e571e105a2c156dfd69f00f7ad4f493df14e47
insertion,1,overview,600,0.5459761666666667,0.3288,0.5941,0.7895,0.09042383333333333,0.5334212866666667,48.0,25464.0,25601.0,0.0,0.0014816666666666667,0.0,0.0,0.0,0.000,48.000,953772,0.000,4cd141587459233263a200b9e545de04352a09db6f72236e54b5f7fa52dfcfc1
insertion,1,sky,600,0.38576866666666665,0.2797,0.5605,0.8104,0.0645775,0.37689054,0.0,0.0,0.0,0.0,0.0011241666666666665,0.0,0.0,0.0,0.000,0.000,953772,0.000,c280e56f9e0074bff9061026874c8f7171d798de41078d43a4ef7f9676c227cd
insertion,1,translate,600,0.5601188333333333,0.39405,0.6608,0.887,0.1584455,0.5498517266666667,41.22833333333333,23682.75,22078.183333333334,0.0,0.0013198333333333332,0.0,0.0,0.0,169.000,41.228,953772,0.000,44c31a73f986b475dcf05d93cff3aef40bb71e58bebd9389def1321febed4dc9
insertion,1,rotate,600,0.5207641666666667,0.4039,0.7236,1.044,0.17689716666666666,0.5108512933333333,41.50333333333333,23165.943333333333,22304.37,0.0,0.0012726666666666667,0.0,0.0,0.0,169.000,41.503,953772,0.000,ac928fc549e4be446c66394b692212360e20467d06612fa127432f93f1517b7b
insertion,1,seam_edits,600,2.6453313333333335,2.11205,2.9194,3.6785,1.5845668333333334,2.62629744,42.0,22896.0,22345.5,0.0,0.49144666666666664,2.0,4.0,155688.0,169.000,42.000,953844,11976.000,f0473b5837e71901fe05e5b81ba919324d9e715901ccfe01c899aba680314da1
insertion,1,sky_moving,600,0.389689,0.289,0.5585,0.9059,0.07424183333333334,0.37978928,0.0,0.0,0.0,0.0,0.0010076666666666667,0.0,0.0,0.0,169.000,0.000,953772,0.000,c280e56f9e0074bff9061026874c8f7171d798de41078d43a4ef7f9676c227cd
insertion,1,wall_moving,600,0.44801616666666666,0.39355,0.674,0.9303,0.18228466666666668,0.3702065466666667,26.816666666666666,15183.423333333334,14600.74,0.0,0.0012761666666666668,0.0,0.0,0.0,169.000,41.728,953712,0.000,209b3f4fa5cd82b27fc6f55dfe0b0feaf8592e67dca71e4b7bee8791df0c84bd
insertion,1,cloud_layer,600,0.3727155,0.29295,0.5119,0.8221,0.06670283333333334,0.3631970333333333,0.0,0.0,0.0,0.0,0.0010413333333333333,0.0,0.0,0.0,86.493,0.000,953712,0.000,c280e56f9e0074bff9061026874c8f7171d798de41078d43a4ef7f9676c227cd
insertion,2,underground,600,0.8348685,0.7748,1.3475,1.669,0.4935406666666667,0.50476296,42.0,22890.0,22344.0,0.0,0.001931,0.0,0.0,0.0,0.000,42.000,953772,0.000,af7cb4873dc97285e4fa5b3531e571e105a2c156dfd69f00f7ad4f493df14e47
insertion,2,surface_still,600,0.6135868333333333,0.3594,0.5496,0.9157,0.11574966666666667,0.5822308266666667,42.0,22890.0,22344.0,0.0,0.0012833333333333334,0.0,0.0,0.0,0.000,42.000,953772,0.000,af7cb4873dc97285e4fa5b3531e571e105a2c156dfd69f00f7ad4f493df14e47
insertion,2,overview,600,0.5472856666666667,0.30995,0.6169,0.7715,0.0826755,0.5369160333333334,48.0,25464.0,25601.0,0.0,0.0014663333333333334,0.0,0.0,0.0,0.000,48.000,953772,0.000,4cd141587459233263a200b9e545de04352a09db6f72236e54b5f7fa52dfcfc1
insertion,2,sky,600,0.3920775,0.27935,0.5073,0.8506,0.05906533333333333,0.3818951933333333,0.0,0.0,0.0,0.0,0.0009481666666666666,0.0,0.0,0.0,0.000,0.000,953772,0.000,c280e56f9e0074bff9061026874c8f7171d798de41078d43a4ef7f9676c227cd
insertion,2,translate,600,0.5641351666666666,0.37124999999999997,0.6277,0.9374,0.14366966666666667,0.54982928,41.22833333333333,23682.75,22078.183333333334,0.0,0.0013473333333333334,0.0,0.0,0.0,169.000,41.228,953772,0.000,44c31a73f986b475dcf05d93cff3aef40bb71e58bebd9389def1321febed4dc9
insertion,2,rotate,600,0.5177531666666667,0.39075,0.6763,0.9177,0.16854783333333334,0.5057494,41.50333333333333,23165.943333333333,22304.37,0.0,0.0011603333333333333,0.0,0.0,0.0,169.000,41.503,953772,0.000,ac928fc549e4be446c66394b692212360e20467d06612fa127432f93f1517b7b
insertion,2,seam_edits,600,2.6100433333333335,2.0820499999999997,2.8074,3.2849,1.5371278333333334,2.5878045266666665,42.0,22896.0,22345.5,0.0,0.48671016666666667,2.0,4.0,155688.0,169.000,42.000,953844,11976.000,f0473b5837e71901fe05e5b81ba919324d9e715901ccfe01c899aba680314da1
insertion,2,sky_moving,600,0.3876346666666667,0.2872,0.4952,0.7015,0.06460783333333334,0.37774559333333335,0.0,0.0,0.0,0.0,0.0010321666666666667,0.0,0.0,0.0,169.000,0.000,953772,0.000,c280e56f9e0074bff9061026874c8f7171d798de41078d43a4ef7f9676c227cd
insertion,2,wall_moving,600,0.4039575,0.38270000000000004,0.5943,0.7244,0.152201,0.36783708,26.816666666666666,15183.423333333334,14600.74,0.0,0.0010866666666666666,0.0,0.0,0.0,169.000,41.728,953712,0.000,209b3f4fa5cd82b27fc6f55dfe0b0feaf8592e67dca71e4b7bee8791df0c84bd
insertion,2,cloud_layer,600,0.3740175,0.28745,0.4619,0.7273,0.057728,0.36389652,0.0,0.0,0.0,0.0,0.0009893333333333334,0.0,0.0,0.0,86.493,0.000,953712,0.000,c280e56f9e0074bff9061026874c8f7171d798de41078d43a4ef7f9676c227cd
insertion,3,underground,600,0.8172015,0.7521500000000001,1.3157,1.5248,0.4899441666666667,0.5220372733333334,42.0,22890.0,22344.0,0.0,0.0018076666666666666,0.0,0.0,0.0,0.000,42.000,953772,0.000,af7cb4873dc97285e4fa5b3531e571e105a2c156dfd69f00f7ad4f493df14e47
insertion,3,surface_still,600,0.6013373333333333,0.36665000000000003,0.602,0.8207,0.11432016666666667,0.5859611333333333,42.0,22890.0,22344.0,0.0,0.0014006666666666666,0.0,0.0,0.0,0.000,42.000,953772,0.000,af7cb4873dc97285e4fa5b3531e571e105a2c156dfd69f00f7ad4f493df14e47
insertion,3,overview,600,0.5578258333333334,0.32275,0.5952,0.8037,0.08886433333333334,0.5343456733333334,48.0,25464.0,25601.0,0.0,0.0012641666666666667,0.0,0.0,0.0,0.000,48.000,953772,0.000,4cd141587459233263a200b9e545de04352a09db6f72236e54b5f7fa52dfcfc1
insertion,3,sky,600,0.3872035,0.28959999999999997,0.5025,0.8316,0.06364266666666667,0.37553420666666665,0.0,0.0,0.0,0.0,0.0011296666666666666,0.0,0.0,0.0,0.000,0.000,953772,0.000,c280e56f9e0074bff9061026874c8f7171d798de41078d43a4ef7f9676c227cd
insertion,3,translate,600,0.5643006666666667,0.37270000000000003,0.6207,0.9436,0.14831116666666666,0.55269318,41.22833333333333,23682.75,22078.183333333334,0.0,0.001207,0.0,0.0,0.0,169.000,41.228,953772,0.000,44c31a73f986b475dcf05d93cff3aef40bb71e58bebd9389def1321febed4dc9
insertion,3,rotate,600,0.5138985,0.40815,0.6507,0.9456,0.17539583333333333,0.5045147466666666,41.50333333333333,23165.943333333333,22304.37,0.0,0.0013343333333333334,0.0,0.0,0.0,169.000,41.503,953772,0.000,ac928fc549e4be446c66394b692212360e20467d06612fa127432f93f1517b7b
insertion,3,seam_edits,600,2.6074216666666667,2.11435,2.7728,3.2244,1.546233,2.582682526666667,42.0,22896.0,22345.5,0.0,0.4889751666666667,2.0,4.0,155688.0,169.000,42.000,953844,11976.000,f0473b5837e71901fe05e5b81ba919324d9e715901ccfe01c899aba680314da1
insertion,3,sky_moving,600,0.41050316666666664,0.3017,0.709,1.2623,0.082709,0.38367012666666667,0.0,0.0,0.0,0.0,0.0012868333333333334,0.0,0.0,0.0,169.000,0.000,953772,0.000,c280e56f9e0074bff9061026874c8f7171d798de41078d43a4ef7f9676c227cd
insertion,3,wall_moving,600,0.42579283333333334,0.3785,0.6559,0.8607,0.15592183333333334,0.36902008,26.816666666666666,15183.423333333334,14600.74,0.0,0.0010593333333333334,0.0,0.0,0.0,169.000,41.728,953712,0.000,209b3f4fa5cd82b27fc6f55dfe0b0feaf8592e67dca71e4b7bee8791df0c84bd
insertion,3,cloud_layer,600,0.3720855,0.2904,0.4647,0.802,0.06240333333333333,0.3633818933333333,0.0,0.0,0.0,0.0,0.000968,0.0,0.0,0.0,86.493,0.000,953712,0.000,c280e56f9e0074bff9061026874c8f7171d798de41078d43a4ef7f9676c227cd
merge,1,underground,600,0.7923508333333333,0.73625,1.2189,1.5367,0.4802686666666667,0.4998407266666667,42.0,22890.0,22344.0,0.0,0.0016718333333333333,0.0,0.0,0.0,0.000,42.000,953772,0.000,af7cb4873dc97285e4fa5b3531e571e105a2c156dfd69f00f7ad4f493df14e47
merge,1,surface_still,600,0.5984066666666666,0.3732,0.6481,0.8611,0.11994816666666666,0.58684938,42.0,22890.0,22344.0,0.0,0.0015746666666666667,0.0,0.0,0.0,0.000,42.000,953772,0.000,af7cb4873dc97285e4fa5b3531e571e105a2c156dfd69f00f7ad4f493df14e47
merge,1,overview,600,0.5432118333333333,0.3163,0.5603,0.9137,0.0849675,0.5316234733333334,48.0,25464.0,25601.0,0.0,0.0013456666666666667,0.0,0.0,0.0,0.000,48.000,953772,0.000,4cd141587459233263a200b9e545de04352a09db6f72236e54b5f7fa52dfcfc1
merge,1,sky,600,0.39218616666666667,0.2811,0.5554,0.7534,0.0632365,0.3822931666666667,0.0,0.0,0.0,0.0,0.0010433333333333334,0.0,0.0,0.0,0.000,0.000,953772,0.000,c280e56f9e0074bff9061026874c8f7171d798de41078d43a4ef7f9676c227cd
merge,1,translate,600,0.559953,0.37639999999999996,0.6475,0.9424,0.15149666666666667,0.5498484333333333,41.22833333333333,23682.75,22078.183333333334,0.0,0.001235,0.0,0.0,0.0,169.000,41.228,953772,0.000,44c31a73f986b475dcf05d93cff3aef40bb71e58bebd9389def1321febed4dc9
merge,1,rotate,600,0.5168351666666666,0.39955,0.7,1.0203,0.17322033333333334,0.5072296666666667,41.50333333333333,23165.943333333333,22304.37,0.0,0.0012676666666666667,0.0,0.0,0.0,169.000,41.503,953772,0.000,ac928fc549e4be446c66394b692212360e20467d06612fa127432f93f1517b7b
merge,1,seam_edits,600,2.6073706666666667,2.1102,2.8467,3.6554,1.5593823333333334,2.58814686,42.0,22896.0,22345.5,0.0,0.48740633333333333,2.0,4.0,155688.0,169.000,42.000,953844,11976.000,f0473b5837e71901fe05e5b81ba919324d9e715901ccfe01c899aba680314da1
merge,1,sky_moving,600,0.3884936666666667,0.2877,0.519,0.7605,0.06789816666666666,0.37633492,0.0,0.0,0.0,0.0,0.0010558333333333333,0.0,0.0,0.0,169.000,0.000,953772,0.000,c280e56f9e0074bff9061026874c8f7171d798de41078d43a4ef7f9676c227cd
merge,1,wall_moving,600,0.4190715,0.38935,0.6007,0.7941,0.15966783333333334,0.36952231333333335,26.816666666666666,15183.423333333334,14600.74,0.0,0.0011526666666666666,0.0,0.0,0.0,169.000,41.728,953712,0.000,209b3f4fa5cd82b27fc6f55dfe0b0feaf8592e67dca71e4b7bee8791df0c84bd
merge,1,cloud_layer,600,0.37630216666666666,0.2914,0.4994,0.8936,0.070099,0.3634702933333333,0.0,0.0,0.0,0.0,0.0010368333333333334,0.0,0.0,0.0,86.493,0.000,953712,0.000,c280e56f9e0074bff9061026874c8f7171d798de41078d43a4ef7f9676c227cd
merge,2,underground,600,0.7885573333333333,0.7323,1.1977,1.5333,0.484656,0.5080175533333333,42.0,22890.0,22344.0,0.0,0.001762,0.0,0.0,0.0,0.000,42.000,953772,0.000,af7cb4873dc97285e4fa5b3531e571e105a2c156dfd69f00f7ad4f493df14e47
merge,2,surface_still,600,0.6019503333333334,0.37555,0.6197,0.9368,0.11758433333333333,0.5862038,42.0,22890.0,22344.0,0.0,0.0016786666666666666,0.0,0.0,0.0,0.000,42.000,953772,0.000,af7cb4873dc97285e4fa5b3531e571e105a2c156dfd69f00f7ad4f493df14e47
merge,2,overview,600,0.5871646666666667,0.4388,1.0038,1.2458,0.1479855,0.5716238666666666,48.0,25464.0,25601.0,0.0,0.0030838333333333334,0.0,0.0,0.0,0.000,48.000,953772,0.000,4cd141587459233263a200b9e545de04352a09db6f72236e54b5f7fa52dfcfc1
merge,2,sky,600,0.3921691666666667,0.2986,0.5275,0.7805,0.06656116666666667,0.38070413333333336,0.0,0.0,0.0,0.0,0.0010488333333333333,0.0,0.0,0.0,0.000,0.000,953772,0.000,c280e56f9e0074bff9061026874c8f7171d798de41078d43a4ef7f9676c227cd
merge,2,translate,600,0.5639746666666666,0.383,0.659,0.9883,0.15659483333333332,0.55322358,41.22833333333333,23682.75,22078.183333333334,0.0,0.0013713333333333333,0.0,0.0,0.0,169.000,41.228,953772,0.000,44c31a73f986b475dcf05d93cff3aef40bb71e58bebd9389def1321febed4dc9
merge,2,rotate,600,0.514087,0.39615,0.6434,0.9926,0.17378283333333333,0.5047987533333333,41.50333333333333,23165.943333333333,22304.37,0.0,0.0012083333333333334,0.0,0.0,0.0,169.000,41.503,953772,0.000,ac928fc549e4be446c66394b692212360e20467d06612fa127432f93f1517b7b
merge,2,seam_edits,600,2.6461245,2.1576,3.1305,3.5389,1.6023421666666666,2.6259918533333333,42.0,22896.0,22345.5,0.0,0.490055,2.0,4.0,155688.0,169.000,42.000,953844,11976.000,f0473b5837e71901fe05e5b81ba919324d9e715901ccfe01c899aba680314da1
merge,2,sky_moving,600,0.389102,0.29925,0.5385,0.7852,0.07301633333333334,0.3765953533333333,0.0,0.0,0.0,0.0,0.001101,0.0,0.0,0.0,169.000,0.000,953772,0.000,c280e56f9e0074bff9061026874c8f7171d798de41078d43a4ef7f9676c227cd
merge,2,wall_moving,600,0.435055,0.3941,0.6688,0.9322,0.17101033333333332,0.3677418333333333,26.816666666666666,15183.423333333334,14600.74,0.0,0.001387,0.0,0.0,0.0,169.000,41.728,953712,0.000,209b3f4fa5cd82b27fc6f55dfe0b0feaf8592e67dca71e4b7bee8791df0c84bd
merge,2,cloud_layer,600,0.37248549999999997,0.28935,0.4878,0.7213,0.064302,0.36300966,0.0,0.0,0.0,0.0,0.0009368333333333334,0.0,0.0,0.0,86.493,0.000,953712,0.000,c280e56f9e0074bff9061026874c8f7171d798de41078d43a4ef7f9676c227cd
merge,3,underground,600,0.823045,0.76525,1.2848,1.694,0.4996831666666667,0.49785684,42.0,22890.0,22344.0,0.0,0.0018425,0.0,0.0,0.0,0.000,42.000,953772,0.000,af7cb4873dc97285e4fa5b3531e571e105a2c156dfd69f00f7ad4f493df14e47
merge,3,surface_still,600,0.591756,0.3679,0.6058,0.8923,0.11235033333333333,0.5812131866666667,42.0,22890.0,22344.0,0.0,0.0014293333333333332,0.0,0.0,0.0,0.000,42.000,953772,0.000,af7cb4873dc97285e4fa5b3531e571e105a2c156dfd69f00f7ad4f493df14e47
merge,3,overview,600,0.5446213333333333,0.3295,0.5624,0.8557,0.0865085,0.5339259466666667,48.0,25464.0,25601.0,0.0,0.0012596666666666667,0.0,0.0,0.0,0.000,48.000,953772,0.000,4cd141587459233263a200b9e545de04352a09db6f72236e54b5f7fa52dfcfc1
merge,3,sky,600,0.3853365,0.30425,0.6051,0.8425,0.06917916666666667,0.37530939333333335,0.0,0.0,0.0,0.0,0.0013856666666666666,0.0,0.0,0.0,0.000,0.000,953772,0.000,c280e56f9e0074bff9061026874c8f7171d798de41078d43a4ef7f9676c227cd
merge,3,translate,600,0.5615908333333334,0.3756,0.615,0.8544,0.145821,0.5502815066666666,41.22833333333333,23682.75,22078.183333333334,0.0,0.0012418333333333333,0.0,0.0,0.0,169.000,41.228,953772,0.000,44c31a73f986b475dcf05d93cff3aef40bb71e58bebd9389def1321febed4dc9
merge,3,rotate,600,0.522795,0.41545,0.6708,0.9206,0.1792825,0.5124782866666666,41.50333333333333,23165.943333333333,22304.37,0.0,0.0014325,0.0,0.0,0.0,169.000,41.503,953772,0.000,ac928fc549e4be446c66394b692212360e20467d06612fa127432f93f1517b7b
merge,3,seam_edits,600,2.5992211666666667,2.1612,2.8482,3.2259,1.5784118333333332,2.58035596,42.0,22896.0,22345.5,0.0,0.49366166666666667,2.0,4.0,155688.0,169.000,42.000,953844,11976.000,f0473b5837e71901fe05e5b81ba919324d9e715901ccfe01c899aba680314da1
merge,3,sky_moving,600,0.3947435,0.2982,0.5295,0.7928,0.068817,0.3813969466666667,0.0,0.0,0.0,0.0,0.000984,0.0,0.0,0.0,169.000,0.000,953772,0.000,c280e56f9e0074bff9061026874c8f7171d798de41078d43a4ef7f9676c227cd
merge,3,wall_moving,600,0.42195366666666667,0.3926,0.6199,0.868,0.162057,0.36816962,26.816666666666666,15183.423333333334,14600.74,0.0,0.0011726666666666667,0.0,0.0,0.0,169.000,41.728,953712,0.000,209b3f4fa5cd82b27fc6f55dfe0b0feaf8592e67dca71e4b7bee8791df0c84bd
merge,3,cloud_layer,600,0.37849700000000003,0.287,0.582,0.8376,0.06591216666666666,0.36893688,0.0,0.0,0.0,0.0,0.0010414999999999999,0.0,0.0,0.0,86.493,0.000,953712,0.000,c280e56f9e0074bff9061026874c8f7171d798de41078d43a4ef7f9676c227cd
